uid,field,old_value,new_value,editor,date,notes
5589d3c590a6ae7bca8c303e5860028a,PARCELNAME,RICHMOND TERR.HOUSES AND SENIOR CENTER,RICHMOND TERRACE HOUSES AND SENIOR CENTER,Amanda,11/15/2021,Updating UID
732ccbb3b8087acd53a6782a4e3671ae,PARCELNAME,IRT DYRE AVENUE LINE R.O.W,IRT DYRE AVENUE LINE RIGHT OF WAY,Amanda,11/15/2021,Updating UID
3986e6104e40d02d48e6153d1d4fa618,PARCELNAME,KISSENA CORRIDOR PK/QUEENS BOT GD,KISSENA CORRIDOR PARK/QUEENS BOTANICAL GARDEN,Amanda,11/15/2021,Updating UID
8a208799f6131cfef2194b833e2c2af2,PARCELNAME,SPRINGFIELD GARDEN HS AND AF,SPRINGFIELD GARDEN HIGH SCHOOL AND ATHLETIC FIELD,Amanda,11/15/2021,Updating UID
b982b43a29a579efac8703cb41052f81,PARCELNAME,VERNON T AND T BLOCK ASSOC. GARDEN,T AND T VERNON BLOCK ASSOCIATION GARDEN,Amanda,11/15/2021,Updating UID
f708422245b32b9177b18f7f86c518ca,PARCELNAME,ARROW COMM GARDEN AND PLAYGROUND,ARROW COMMUNITY GARDEN AND PLAYGROUND,Amanda,11/15/2021,Updating UID
9e02898b190e1ceadbaad2121d29fff7,PARCELNAME,OLD 83PRECINCT OFF STREET PARKING,OLD 83 PRECINCT OFF STREET PARKING,Amanda,11/15/2021,Updating UID
bd7872d3c9e1027be0a59e73f97ddac7,PARCELNAME,IND 8TH AVENUE ROW AND VENT,IND 8TH AVENUE RIGHT OF WAY AND VENT,Amanda,11/15/2021,Updating UID
6134d81d953186aa90c89b457279b2a7,PARCELNAME,CTRAL REPAIR SHOP AND DISTR GRGS,CENTRAL REPAIR SHOP AND DISTRICT GARAGES,Amanda,11/15/2021,Updating UID
1b12d8ee8a5db561d37494dcbdfa8873,PARCELNAME,FIELD OFFICE-MANHATTAN FAMILY CT DIVN,FIELD OFFICE-MANHATTAN FAMILY COURT DIVISION,Amanda,11/15/2021,Updating UID
04d5d898c5f56db1fafd6f3d0d2b2556,PARCELNAME,ENG76 LAD22 BAT11/NYPD 24 PRECINCT,ENGINE 76 LADDER 22 BATTALION 11 AND NYPD 24TH PRECINCT STATION HOUSE,Amanda,11/15/2021,Updating UID
19c47355b283963cf7406f109297eb74,PARCELNAME,STERLING REHAB (STJOHNS-STERLIN,STERLING REHAB (ST JOHNS-STERLING),Amanda,11/15/2021,Updating UID
c8e8b11b2826246ca16d1f46bc2056ed,PARCELNAME,SAMUEL J. TILDEN HOUSES AND SC,SAMUEL J. TILDEN HOUSES AND SENIOR CENTER,Amanda,11/15/2021,Updating UID
4df926087fa3eaf783dbc69e76023f34,PARCELNAME,BRONX RIVER HOUSES/NEIGHBORHD SC,BRONX RIVER HOUSES/NEIGHBORHOOD SENIOR CENTER,Amanda,11/15/2021,Updating UID
09ab4187a1bc66fab0cbee7449075169,PARCELNAME,STERLING REHAB (ST JOHNS-STRLNG,STERLING REHAB (ST JOHNS-STERLING),Amanda,11/15/2021,Updating UID
7d16428ad8efb3e43efcebb9fdc191b2,PARCELNAME,ENG 8 LAD 2 BAT 8/ NYPD 17 PRECINCT,ENGINE 8 LADDER 2 BATTALION 8 AND NYPD 17TH PRECINCT STATION HOUSE,Amanda,11/15/2021,Updating UID
bb9716cb63a133db74534f4008261d4b,PARCELNAME,BERGEN ST DEPOT AND SHOPS,BERGEN STREET DEPOT AND SHOPS,Amanda,11/15/2021,Updating UID
952a078bda1058e85821a0cd728236bb,PARCELNAME,FD ROOSEVELT BOARDWALK AND BEACH,FRANKLIN D. ROOSEVELT BOARDWALK AND BEACH,Amanda,11/15/2021,Updating UID
1c8b45fd69b97d386d3d5c47e14f73e9,PARCELNAME,OLD 83PRECINCT OFF STREET PARKING,OLD 83 PRECINCT OFF STREET PARKING,Amanda,11/15/2021,Updating UID
acf759dc835a85ec2b5588bdd924e022,PARCELNAME,FD ROOSEVELT BOARDWALK AND BEACH,FRANKLIN D. ROOSEVELT BOARDWALK AND BEACH,Amanda,11/15/2021,Updating UID
aeee64d9488d04527ece60f0f0f9e930,PARCELNAME,TOTTENVILLE HS AND AF,TOTTENVILLE HIGH SCHOOL AND ATHLETIC FIELD,Amanda,11/15/2021,Updating UID
a8f510e24001e6627423a5f625cd3c07,PARCELNAME,RIVER CAFE/DIRCKSEN AND TALLEYR,RIVER CAFE,Amanda,2021-11-10,
a143c86dd5c009fec2dfe6f5c815e130,PARCELNAME,NEW 123RD ST. BLOCK ASSOC. GARDEN,NEW 123RD ST. BLOCK ASSOCIATION GARDEN,Amanda,11/15/2021,Updating UID
2f92107e4d47cb0cd2c75314cb5830ce,PARCELNAME,PS 219 AND PLYGROUND,PS 219 KENNEDY KING ELEMENTARY SCHOOL AND PLAYGROUND,Amanda,11/15/2021,Updating UID
a5d55421de79417a02581e741a44a952,PARCELNAME,BROOKLYN BRIDGE APP/VAULTED SPACE,BROOKLYN BRIDGE APPROACH/VAULTED SPACE,Amanda,11/15/2021,Updating UID
1b47a9fdf722886991a0b2b80236e56d,PARCELNAME,DAVID N. DINKINS MANHATTAN MUNI BLDG,DAVID N. DINKINS MANHATTAN MUNICIPAL BUILDING,Amanda,11/15/2021,Updating UID
7eee5a3e7f45473b05c711110494cc5d,PARCELNAME,DAVID N. DINKINS MANHATTAN MUNI BLDG,DAVID N. DINKINS MANHATTAN MUNICIPAL BUILDING,Amanda,11/15/2021,Updating UID
0867e977af2a19d95e77772064eecf5d,PARCELNAME,ROY WILKINS-SOUTHERN QUEENS. PARK,ROY WILKINS SOUTHERN QUEENS PARK,Amanda,11/15/2021,Updating UID
25a6922be94905dfc056c895c5e2dbbe,PARCELNAME,OCEAN BAY APARTS. AND  PLAYGROUND,OCEAN BAY APARTMENTS AND  PLAYGROUND,Amanda,11/15/2021,Updating UID
74c3f07a9ae6f10a99e7d0b3836bc14c,PARCELNAME,IRT ROW - #4 AND STATION,IRT RIGHT OF WAY - #4 AND STATION,Amanda,11/15/2021,Updating UID
3d9937667a0634508ec8af11ef2ad5c5,PARCELNAME,WC BRYANT HS AND ATHLETIC FLD,WILLIAM CULLEN BRYANT HIGH SCHOOL AND ATHLETIC FIELD,Amanda,11/15/2021,Updating UID
aeae9d877a041f6e1945794a936bd72d,PARCELNAME,WASHINGTON HGHTS (GRP 1 AND 2),WASHINGTON HEIGHTS REHAB (GROUPS 1 & 2),Amanda,11/15/2021,Updating UID
b0b1180f88008309d60f868b41b7d8f5,PARCELNAME,IRT DYRE AVENUE LINE R.O.W,IRT DYRE AVENUE LINE RIGHT OF WAY,Amanda,11/15/2021,Updating UID
f0850923a3b82638e231bbbd5376fa59,PARCELNAME,L.U.W. UNDER BROOKLYN BRIDGE,LAND UNDER WATER UNDER BROOKLYN BRIDGE,Amanda,11/15/2021,Updating UID
44eedbc9ca2f6e9762045590ca9a1881,PARCELNAME,FD ROOSEVELT BOARDWALK AND BEACH,FRANKLIN D. ROOSEVELT BOARDWALK AND BEACH,Amanda,11/15/2021,Updating UID
c74a434d375b6f595c68ca9f7e947985,PARCELNAME,PLAYGROUND A STEVNSON HS/SE BRONX HS,ADLAI E. STEVENSON EDUCATIONAL CAMPUS,Amanda,11/15/2021,Updating UID
a689274b00fe077359c6d725e7249a9c,PARCELNAME,COL DAVID MARCURS MEM PLAYGROUND,COLONEL DAVID MARCUS MEMORIAL PLAYGROUND,Amanda,11/15/2021,Updating UID
1a96569b721c2b68d5ea1102f5f93279,PARCELNAME,DAVID N. DINKINS MANHATTAN MUNI BLDG,DAVID N. DINKINS MANHATTAN MUNICIPAL BUILDING,Amanda,11/15/2021,Updating UID
a3a134ca3a965e0e2960af9554361735,PARCELNAME,RUTH B. GINSBURG BROOKLYN MUNI BLDG,RUTH BADER GINSBURG BROOKLYN MUNICIPAL BUILDING,Amanda,11/15/2021,Updating UID
e2512700833bec90e8585203e52b9a7c,PARCELNAME,KINGSBOUGH COMM COLLEGE AND H.S,KINGSBOROUGH COMMUNITY COLLEGE AND LEON M. GOLDSTEIN HIGH SCHOOL FOR THE SCIENCES,Amanda,11/15/2021,Updating UID
d70eb4f3696fb0f397ac0d69c95e0c8e,PARCELNAME,PS 256  AND PLAYGROUND.(JOP),PS 256  AND PLAYGROUND (JOINT OPERATED PLAYGROUND),Amanda,11/15/2021,Updating UID
82b81aec3a643173ae701b0111072d9d,PARCELNAME,HANSBOROUGH REC CENTER AND POOL,HANSBOROUGH RECREATION CENTER AND POOL,Amanda,11/15/2021,Updating UID
519d2aa4f3283c8b804d8c1674471916,PARCELNAME,BUSHWICK.2 (GROUPS B AND D),BUSHWICK II (GROUPS B AND D),Amanda,11/15/2021,Updating UID
b46540a81619779d2dcc24c403dc6313,PARCELNAME,REID HOUSES/CHRSTPHR BLENMAN SC,WILLIAM REID APARTMENTS AND CHRISTOPHER C BLENMAN SENIOR CENTER,Amanda,11/15/2021,Updating UID
ee03aae3ef8d6b6f8bf3ba7347fc272b,PARCELNAME,OCEAN BAY APARTS. AND  PLAYGROUND,OCEAN BAY APARTMENTS AND  PLAYGROUND,Amanda,11/15/2021,Updating UID
42ff74de51ff0a1f476c35695f8383e2,PARCELNAME,T.ROOSEVELT PARK AND MUS NAT HIS,THEODORE ROOSEVELT PARK AND MUSEUM OF NATURAL HISTORY,Amanda,11/15/2021,Updating UID
1ff9cec51111b2a7f66af94fa6799e38,PARCELNAME,HORIZON JUVJ CTR/NYPD 40TH PRECINCT,HORIZON JUVENILE JUSTICE CENTER/NYPD 40TH PRECINCT STATION,Amanda,11/15/2021,Updating UID
2b3874a4f9756048aa4356f27387e6f7,PARCELNAME,ENG 8 LAD 2 BAT 8/ NYPD 17 PRECINCT,ENGINE 8 LADDER 2 BATTALION 8 AND NYPD 17TH PRECINCT STATION HOUSE,Amanda,11/15/2021,Updating UID
e03e6c986522ad96dbdd43e1e9a5a079,PARCELNAME,BWSO WATER SEWER AND REPAIR FAC,BWSO WATER SEWER AND REPAIR FACILITY,Amanda,11/15/2021,Updating UID
443217a197230ceda46f70560215fc4d,PARCELNAME,IRT DYRE AVENUE LI NE R.O.W,IRT DYRE AVENUE LINE RIGHT OF WAY,Amanda,11/15/2021,Updating UID
56f6aa0c187f4bd042adf763ef78d7f7,PARCELNAME,S BRONX MARINE TRANSFER STN/SALT,SOUTH BRONX MARINE TRANSFER STATION/SALT,Amanda,11/15/2021,Updating UID
f94f2fe7acffb3654da48b796810be68,PARCELNAME,IRT DYRE AVENUE LINE R.O.W,IRT DYRE AVENUE LINE RIGHT OF WAY,Amanda,11/15/2021,Updating UID
6bb41db418fe051cd0df8034098d406d,PARCELNAME,S ST. CPORT/BURLING SLIP/PLAYGROUND,SOUTH STREET SEAPORT/BURLING SLIP/PLAYGROUND,Amanda,11/15/2021,Updating UID
0a225cb330db04a072772fff72b7b31c,PARCELNAME,RICHMOND TERR.HOUSES AND SENIOR CENTER,RICHMOND TERRACE HOUSES AND SENIOR CENTER,Amanda,11/15/2021,Updating UID
efec76cb1d379f1f1350d6a11ac413f4,PARCELNAME,HS GRAPHIC COMM ARTS AND PARK,HIGH SCHOOL GRAPHIC COMMUNICATION ARTS AND PARK,Amanda,11/15/2021,Updating UID
73ff3b0187ce96f1493ddb8a3b886217,SNAME,MALBOROUGH ROAD,MARLBOROUGH ROAD,Lynn,2021-06-02,
e01a1fc1833ac11219226f3b2adbba15,PARCELNAME,PS 51 A/K/A BRONX NEW SCL (X781),PS 51 A/K/A BRONX NEW SCHOOL (X781),Amanda,11/15/2021,Updating UID
498be7fa0f0af5cad55f15d9f547aa9f,PARCELNAME,ASTORIA HTS REC PARK AND JHS10 PLAYGROUND,ASTORIA HEIGHTS PARK AND JHS 10 JOINT OPERATED PLAYGROUND,Amanda,11/15/2021,Updating UID
689ece1211c32a8a9716e6b47e9d1498,PARCELNAME,LA TOURETTE PARK. AND  GOLF COURSE,LA TOURETTE PARK AND  GOLF COURSE,Amanda,11/15/2021,Updating UID
d7cc9f0acf44940426b153e2400735cd,PARCELNAME,P.D. 111TH PRECINCT STATION HOUSE,NYPD 111TH PRECINCT STATION HOUSE,Amanda,11/15/2021,Updating UID
e7c0131c39bff0bf284698fb6346344f,PARCELNAME,DEWITT CLINTON AND BRONX SCI HS'S,DEWITT CLINTON AND BRONX SCIENCE HIGH SCHOOLS,Amanda,11/15/2021,Updating UID
9b6fb01aa076835dbf8faa587097e54f,PARCELNAME,IRT DYRE AVENUE LINE R.O.W,IRT DYRE AVENUE LINE RIGHT OF WAY,Amanda,11/15/2021,Updating UID
fa9dd57e3ff71d495d6425ab615a3c4c,PARCELNAME,BWSO BROOKLYN SOUTH WTR/SWR REPAIR,BWSO BROOKLYN SOUTH WATER/SEWER REPAIR,Amanda,11/15/2021,Updating UID
52257416fed138f4343ed5eef3592d53,PARCELNAME,RUTH B. GINSBURG BROOKLYN MUNI BLDG,RUTH BADER GINSBURG BROOKLYN MUNICIPAL BUILDING,Amanda,11/15/2021,Updating UID
043966f2e904eb472d847eb105327939,SNAME,2 O AVENUE,20 AVENUE,Lynn,2021-06-02,
7b0ab738ebfd8f42a84fa1fe85f8b3d0,PARCELNAME,1ST PRECINCT POL STATION,NYPD 1ST PRECINCT STATION HOUSE,Lynn,2021-06-02,
bb0003ed4b5bd10b513f53762a523f58,PARCELNAME,MARINERS HARBOR HOUSES AND SENR CR,MARINERS HARBOR HOUSES AND SENIOR CENTER,Amanda,11/15/2021,Updating UID
9f8bb487dffab75d2deee3ad990c4e96,PARCELNAME,GREENE AVENUE UNITED NGHBD PARK,GREENE AVENUE UNITED NEIGHBORHOOD PARK,Amanda,11/15/2021,Updating UID
06993fc838469c6f65302fa09bbc60ae,PARCELNAME,VAN DYKE HOUSES I AND II PLAYGROUND SC,VAN DYKE HOUSES I AND II PLAYGROUND AND SENIOR CENTER,Amanda,11/15/2021,Updating UID
eecd91fc822ca395ea7e5c34aa4b9c3a,PARCELNAME,SUTTER AVENUE - UNIONS ST,SUTTER AVENUE - UNION ST,Amanda,11/15/2021,Updating UID
cf69746d6f8be3f0a842ffa4b720b88d,PARCELNAME,IND PROSPECT PKWY AND CONEY IS,IND PROSPECT PARKWAY AND CONEY ISLAND,Amanda,11/15/2021,Updating UID
a2100064a88981353c7e9c26caf72922,PARCELNAME,PARKING FOR 75PRECINCT PERSONNEL,OUTDOOR PARKING FOR 75 PRECINCT PERSONNEL,Amanda,11/15/2021,Updating UID
febc39e6e195d7b1f4383dcc9cb33408,PARCELNAME,RECREATION CTR 54/GYM AND POOL,RECREATION CENTER 54/GYM AND POOL,Amanda,11/15/2021,Updating UID
3314cbc6e47c15b106be53cb9dfd5a5b,PARCELNAME,QUEENS MIDTOWN EXPWY/PARK STRIP,QUEENS MIDTOWN EXPRESSWAY/PARK STRIP,Amanda,11/15/2021,Updating UID
f269cbb86552c4d54668d5fec58cf4b8,PARCELNAME,OLD 83PRECINCT OFF STREET PARKING,OLD 83 PRECINCT OFF STREET PARKING,Amanda,11/15/2021,Updating UID
cab05658688e6d2025ead4b02d718181,SNAME,AVENUE P WEST    1 STREET,AVENUE P,Lynn,2021-06-02,Updating UID
7b150e70f4f515c637d311b5b62b493a,PARCELNAME,B. BUTLER HOUSES/WM HODSON SC,B. BUTLER HOUSES/WM HODSON SENIOR CENTER,Amanda,11/15/2021,Updating UID
99c7d36d92b759cd1df18a31dc177033,PARCELNAME,BET. E 37TH AND E 38TH STS,BETWEEN E 37TH AND E 38TH STREETS,Lynn,2021-06-02,
17424d2538a16f3d1f8f5c71b2cf949a,PARCELNAME,KISSENA CORRIDOR PK/QUEENS BOT GD,KISSENA CORRIDOR PARK/QUEENS BOTANICAL GARDEN,Amanda,11/15/2021,Updating UID
d71b8a9d3146847b2889d5bd7d7c2c45,PARCELNAME,P.D. 113TH PRECINCT STATION HOUSE,NYPD 113TH PRECINCT STATION HOUSE,Amanda,11/15/2021,Updating UID
bc0b61968c3d67e1c4a5120a6a8f2f52,PARCELNAME,JOHN JAY PARK. AND  POOL,JOHN JAY PARK AND  POOL,Amanda,11/15/2021,Updating UID
d091a0d2c766d4e80c877477f57bc5bd,PARCELNAME,IRT DYRE AVENUE LINE R.O.W,IRT DYRE AVENUE LINE RIGHT OF WAY,Amanda,11/15/2021,Updating UID
5cb5a4bc7c839bbc312ca57fd643e812,PARCELNAME,LOUIS D. BRANDEIS HS AND PLG,LOUIS D. BRANDEIS HIGH SCHOOL,Amanda,2021-11-10,
0048f02a6dc4ff458c8e866637890631,PARCELNAME,L.U.W. BET E.30 AND 34 STREETS,LAND UNDER WATER BETWEEN E.30 AND 34 STREETS,Lynn,2021-06-02,
f9ce10bceb160060b2213ba73760e9e2,PARCELNAME,TREMONT HLTH CENTER AND PARK STP,TREMONT HEALTH CENTER AND PARK STRIP,Amanda,11/15/2021,Updating UID
2db0921e8bb8d0ddcde0d3ffab5db5f4,PARCELNAME,FD ROOSEVELT BOARDWALK AND BEACH,FRANKLIN D. ROOSEVELT BOARDWALK AND BEACH,Amanda,11/15/2021,Updating UID
e312dcc812ed794315197429cc6d843c,PARCELNAME,ASSER LEVY PARK. AND  AQUARIUM,ASSER LEVY PARK AND AQUARIUM,Amanda,11/15/2021,Updating UID
a719d8ea008b43358a030e1b6ed3d3c2,PARCELNAME,W. BRIGHTON I AND II HOUSES & SC,WEST BRIGHTON I AND II HOUSES AND SENIOR CENTER,Amanda,11/15/2021,Updating UID
557b5768acc15aa6033cef3218026a9f,PARCELNAME,LT MEYRAN AND BELLEW EDUC COMPLX,LIEUTENANTS CURTIS MEYRAN AND JOHN BELLEW EDUCATIONAL COMPLEX,Amanda,11/15/2021,Updating UID
281f0203fe67852b65a6d5df570ed034,SNAME,JENNINGS AVENUE,JENNINGS STREET,Lynn,2021-06-02,
66cd683437a60acdfd2a15cbb5909570,PARCELNAME,GEO WASHTN HOUSES/BLAKE HOBBS PARK,GEORGE WASHINGTON HOUSES/BLAKE HOBBS PARK,Amanda,11/15/2021,Updating UID
b4db2be0fb74ea43bce689a24b79230a,PARCELNAME,BUSHWICK HS AND PLAYGROUND(JOP),BUSHWICK HIGH SCHOOL AND PLAYGROUND (JOINT OPERATED PLAYGROUND),Amanda,11/15/2021,Updating UID
a5dad8bc5311f9b6cd33b3a75b312a10,PARCELNAME,FD ROOSEVELT BOARDWALK AND BEACH,FRANKLIN D. ROOSEVELT BOARDWALK AND BEACH,Amanda,11/15/2021,Updating UID
838e6d4ce64bb09b39d95eccb29fbb26,PARCELNAME,FD ROOSEVELT BOARDWALK AND BEACH,FRANKLIN D. ROOSEVELT BOARDWALK AND BEACH,Amanda,11/15/2021,Updating UID
2626045558c990bc1479e8878dc59de5,PARCELNAME,DAVID N. DINKINS MANHATTAN MUNI BLDG,DAVID N. DINKINS MANHATTAN MUNICIPAL BUILDING,Amanda,11/15/2021,Updating UID
299ef417e0ecac71c1a91d9b95d3fc97,PARCELNAME,NYPD104TH PRECINCT,NYPD 104TH PRECINCT STATION HOUSE,Amanda,11/15/2021,Updating UID
94f02c4653e3444d4c2adbea0b3b78bf,SNAME,FREDERICK DOUGLASS BOULE,FREDERICK DOUGLASS BOULEVARD,Lynn,2021-06-02,Updating UID
9d5a7687f19db3961323bf611b6ef472,PARCELNAME,WASHINGTON HGHTS (GRP 1 AND 2),WASHINGTON HEIGHTS REHAB (GROUPS 1 & 2),Amanda,11/15/2021,Updating UID
ee4a07137c6783b2ca84ac4bf655db36,PARCELNAME,DAVID N. DINKINS MANHATTAN MUNI BLDG,DAVID N. DINKINS MANHATTAN MUNICIPAL BUILDING,Amanda,11/15/2021,Updating UID
f95d92a01311225236e92af7a496a548,PARCELNAME,SHEEPSD BAY HS AND ATHL FLD (JOP,SHEEPSHEAD BAY HS AND ATHLETIC FIELD (JOINT OPERATED PLAYGROUND),Amanda,11/15/2021,Updating UID
07c7854f2144b4744bdf8c318969c6ce,PARCELNAME,BENJAMIN N. CARDOZA HS AND AF,BENJAMIN N. CARDOZA HIGH SCHOOL AND ATHLETIC FIELD,Amanda,11/15/2021,Updating UID
73344eaa9fc9b377074d4437f9d22f9d,PARCELNAME,ROY WILKINS-SOUTHERN QUEENS PARK,ROY WILKINS SOUTHERN QUEENS PARK,Amanda,11/15/2021,Updating UID
edb9671efba1b8c707dbc61ca4ea9441,PARCELNAME,HS GRAPHIC COMM ARTS AND PARK,HIGH SCHOOL GRAPHIC COMMUNICATION ARTS AND PARK,Amanda,11/15/2021,Updating UID
9bfaa965839c8e38dc49f77c323b9fcc,PARCELNAME,DR BETANCES 2 AND 3 HOUSES,"BETANCES II, 9A AND III, 9A HOUSES",Amanda,11/15/2021,Updating UID
df91189f721f0535c4b254acdda99562,PARCELNAME,FD ROOSEVELT BOARDWALK AND BEACH,FRANKLIN D. ROOSEVELT BOARDWALK AND BEACH,Amanda,11/15/2021,Updating UID
e98c8010b14d2400e94773750a307a76,PARCELNAME,FD ROOSEVELT BOARDWALK AND BEACH,FRANKLIN D. ROOSEVELT BOARDWALK AND BEACH,Amanda,11/15/2021,Updating UID
59d5613e27f617743699deb9a54bef25,PARCELNAME,DAVID N. DINKINS MANHATTAN MUNI BLDG,DAVID N. DINKINS MANHATTAN MUNICIPAL BUILDING,Amanda,11/15/2021,Updating UID
98235eb06cf041cc294096f4895969dc,PARCELNAME,PS 109 AND PLAYGROUND/MINI SCHL,PS 109 AND PLAYGROUND/MINI SCHOOL,Amanda,11/15/2021,Updating UID
5b08c5cb4b531457f06400b51af966c4,PARCELNAME,DAVID N. DINKINS MANHATTAN MUNI BLDG,DAVID N. DINKINS MANHATTAN MUNICIPAL BUILDING,Amanda,11/15/2021,Updating UID
c370924f6fdab0c4399b695957d72288,PARCELNAME,EAST 180TH ST-MONTEREY AVENUE,EAST 180TH ST - MONTEREY AVENUE,Lynn,2021-06-02,
b7b397486096d48b1625d2e0529b73ec,SNAME,FLATBUSH AVENUE EXTENSIO,FLATBUSH AVENUE EXTENSION,Lynn,2021-06-02,Updating UID
1888e19406e5272c8a56914681365a02,PARCELNAME,L.U.W UPLAND AND MARGINAL STREET,LAND UNDER WATER UPLAND AND MARGINAL STREET,Lynn,2021-06-02,
538be8875e1d924709bb35f7dcd0e59b,PARCELNAME,FUT GATEWAY PK/ATLANTIC AVENUE EXT,GATEWAY PARK/ATLANTIC AVENUE EXTENSION,Amanda,11/15/2021,Updating UID
dc97a1dbb91c24388294bcfd25482b13,PARCELNAME,FD ROOSEVELT BOARDWALK AND BEACH,FRANKLIN D. ROOSEVELT BOARDWALK AND BEACH,Amanda,11/15/2021,Updating UID
c3bde8883dceaa23c43f832282fe9a10,SNAME,EAST    1 O STREET,E 10 STREET,Lynn,2021-06-02,
250c5fe9199b92d9794eb689f1293924,PARCELNAME,LOUIS H. PINK HOUSES AND SENR CR,LOUIS H. PINK HOUSES AND SENIOR CENTER,Amanda,11/15/2021,Updating UID
7d3f456d6b7d77c5231a1daf808e07b7,PARCELNAME,PS 274  MINI SCHL AND PLAYGROUND,PS 274  MINI SCHOOL AND PLAYGROUND,Amanda,11/15/2021,Updating UID
5c48ded2af36b165e8f918a9e1e518bb,PARCELNAME,QUEENSBRIDGE EARLY CHLDHD DEV CTR,QUEENSBRIDGE EARLY CHILDHOOD DEVELOPMENT CENTER,Amanda,11/15/2021,Updating UID
efffd5b4d5b4db4aee611fa267baea7e,PARCELNAME,RUTH B. GINSBURG BROOKLYN MUNI BLDG,RUTH BADER GINSBURG BROOKLYN MUNICIPAL BUILDING,Amanda,11/15/2021,Updating UID
44ae233ae73c6c5720ff1bf5738dfd60,PARCELNAME,DR BETANCES 4 AND 5 HOUSES,BETANCES IV AND V HOUSES,Amanda,11/15/2021,Updating UID
a101c1ca589b0c2d85c4934154150188,PARCELNAME,FD ROOSEVELT BOARDWALK AND BEACH,FRANKLIN D. ROOSEVELT BOARDWALK AND BEACH,Amanda,11/15/2021,Updating UID
12a62bf5bc0f043f2e614ec663ec6ef1,PARCELNAME,FUT GATEWAY PK/ATLANTIC AVENUE ROW,GATEWAY PARK/ATLANTIC AVENUE RIGHT OF WAY,Amanda,2021-11-10,
1e86c9ce8377d14125376daa556cb128,PARCELNAME,EDGEMERE URA  (P/O 58 AND 59),EDGEMERE URBAN RENEWAL AREA  (PART OF SITES 58 AND 59),Amanda,11/15/2021,Updating UID
064ba81daed67e2cb245cba9fd83f849,PARCELNAME,RIVER CAFE/DIRCKSEN AND TALLEYR,RIVER CAFE,Amanda,2021-11-10,
ddea21ad3bab326656a82a62e7fcd9c4,PARCELNAME,OFF STREET PARKING FOR 75PRECINCT,OFF STREET PARKING FOR 75 PRECINCT,Amanda,11/15/2021,Updating UID
51bc44db36c953216fc0481925b96ac6,PARCELNAME,IRT DYRE AVENUE R.O.W,IRT DYRE AVENUE RIGHT OF WAY,Amanda,11/15/2021,Updating UID
414357fbf3541db0696199ce5167402f,PARCELNAME,LATOURETTE PARK AND GOLF COURSE,LA TOURETTE PARK AND  GOLF COURSE,Amanda,11/15/2021,Updating UID
570443b9aea8bae189ebae2a851ff13c,PARCELNAME,RUTH B. GINSBURG BROOKLYN MUNI BLDG,RUTH BADER GINSBURG BROOKLYN MUNICIPAL BUILDING,Amanda,11/15/2021,Updating UID
b73e518669881852dbb719ce81e4ee1f,PARCELNAME,S ST. CPORT/BURLING SLIP/PLAYGROUND,SOUTH STREET SEAPORT/BURLING SLIP/PLAYGROUND,Amanda,11/15/2021,Updating UID
62ba9ce3535ace96fea4f86eefab62b5,PARCELNAME,ASSER LEVY RECREATION CTR AND PARK,ASSER LEVY RECREATION CENTER AND PARK,Amanda,11/15/2021,Updating UID
a4e53e1a6f222386d185c4f857fe3b63,PARCELNAME,N RIVER WPCP /DOS MAR TNSF STATION,NORTH RIVER WCPC,Amanda,2021-11-10,
d88dc87c34ccd9a7971fd774c35c3d30,PARCELNAME,BORDEN AVENUE BR. STRUCTURE,BORDEN AVENUE BRIDGE STRUCTURE,Amanda,11/15/2021,Updating UID
d27230effae50298ef7a885f04604a06,PARCELNAME,L.U.W 138-141ST ST AND E. RIVER,LAND UNDER WATER 138-141ST ST AND E. RIVER,Lynn,2021-06-02,
2b37ad6f618ca1918891ae2042bbcd9c,AGREEMENT,S,,Molly,2021-03-19,Correction applied to November 2020 version.
3887ce6dfd5ba84df84de61bcd1f946d,PARCELNAME,IRT DYRE AVENUE LINE R.O.W,IRT DYRE AVENUE LINE RIGHT OF WAY,Amanda,11/15/2021,Updating UID
35004fd2439bc79336bfae37106bf3f7,PARCELNAME,PIERS 1 2 AND 3,"PIERS 1, 2 AND 3",Amanda,11/15/2021,Updating UID
a8dd7018e55efb6d9175a51c99eb3f73,SNAME,DEBEVOISE AVE-BLDG 2-DRES,DEBEVOISE AVENUE,Lynn,2021-06-02,Updating UID
51abd7200f69d3ff0ad01c58110f9c41,PARCELNAME,PS 155 AND PLAYGROUND.(JOP),PS 155 AND PLAYGROUND (JOINT OPERATED PLAYGROUND),Amanda,11/15/2021,Updating UID
9e9d44979a8f0923b4f5930f0f312a6c,SNAME,DEBEVOISE AVE-BLDG 2-DRES,DEBEVOISE AVENUE,Lynn,2021-06-02,Updating UID
2b546aea7c2f668e0d9ecd13d23c463c,PARCELNAME,STATEN ISLAND TECH HS AND AF,STATEN ISLAND TECH HIGH SCHOOL AND ATHLETIC FIELD,Amanda,11/15/2021,Updating UID
4fe7c074d4bbaa9d3fbe504f15bf0bfb,PARCELNAME,ROY WILKINS SOUTHERN QUEENS.PARK,ROY WILKINS SOUTHERN QUEENS PARK,Amanda,11/15/2021,Updating UID
c7b4619b1cde7364c5be14e8f18fb40a,PARCELNAME,IRT DYRE AVENUE LINE R.O.W,IRT DYRE AVENUE LINE RIGHT OF WAY,Amanda,11/15/2021,Updating UID
82f7a3cef6f14c84cef5db1e4de5bcbf,PARCELNAME,CITIZENS FOR A BETTER COMM PARK,CITIZENS FOR A BETTER COMMUNITY PARK,Amanda,11/15/2021,Updating UID
9af463b5fed7a8210423524e640b6f49,PARCELNAME,PS 214 AND PLYGROUND,PS 214 AND PLAYGROUND,Amanda,11/15/2021,Updating UID
a29dc031a05c4f2b582fa9361cabd756,PARCELNAME,CHINATOWN PC DCC AND  OPEN DOOR SR,Chinese-American Planning Council Daycare Center and Open Door Senior Center,Amanda,11/15/2021,Updating UID
bdfcce1e338396411156595bf910b294,PARCELNAME,PS 327/396 TANDEM SCH AND PGD(JOP),PS 327/396 TANDEM SCHOOL AND PLAYGROUND (JOINT OPERATED PLAYGROUND),Amanda,11/15/2021,Updating UID
7c6d383dcb92d46c0b2cc956e214f403,PARCELNAME,ENG.248  67 PRECINCT,"FDNY ENGINE 248, BATTALION 41 AND NYPD 67TH PRECINCT STATION HOUSE",Amanda,11/15/2021,Updating UID
ea33596ad9c53a56f10cc79f0f69e0ae,PARCELNAME,PS 64 AND PLAYGROUND..(JOP),PS 64 AND PLAYGROUND (JOINT OPERATED PLAYGROUND),Amanda,11/15/2021,Updating UID
b97792a0f9464eae3af47e7d35b3c7e4,AGREEMENT,S,,Molly,2021-03-19,Correction applied to November 2020 version.
6005290f9f41a1ac7533c217e0b4078d,PARCELNAME,L.U.W. ROBINSON AVENUE,LAND UNDER WATER ROBINSON AVENUE,Lynn,2021-06-02,
975f176b2cbdc0ae42172f5f4c404f84,PARCELNAME,FD ROOSEVELT BOARDWALK AND BEACH,FRANKLIN D. ROOSEVELT BOARDWALK AND BEACH,Amanda,11/15/2021,Updating UID
9ecfdba7bf2184ea0110db862700f25e,PARCELNAME,CRYSTATION WELLS BL ASSOC GARDEN,CRYSTAL WELLS BLOCK ASSOCIATION GARDEN,Lynn,2021-06-02,
e6c58e6dc67e02681ce8ae7ad01b0038,PARCELNAME,PS 48 AND PLAYGROUND.(JOP),PS 48 AND PLAYGROUND (JOINT OPERATED PLAYGROUND),Amanda,11/15/2021,Updating UID
9cad0794325dcefb6879528316d1836d,PARCELNAME,PS 75 AND PLAYGROUND & MINI SCH,PS 75 AND PLAYGROUND AND MINI SCHOOL,Amanda,11/15/2021,Updating UID
8df36c330dfe54a3bf5f1c83e0e949a3,PARCELNAME,ENCLOSED AREA BENEATH BROOKLYN BR,ENCLOSED AREA BENEATH BROOKLYN BRIDGE,Amanda,11/15/2021,Updating UID
d4d40a8f9965580499d156431b70a819,PARCELNAME,FIELD OFFICE-MANHATTAN FAMILY CT DIVN,FIELD OFFICE-MANHATTAN FAMILY COURT DIVISION,Amanda,11/15/2021,Updating UID
5fadf7eec70b6c5a9e2c5321a7fbdf60,PARCELNAME,QUEENS. MIDTOWN EXPWY/PARK STRIP,QUEENS MIDTOWN EXPRESSWAY/PARK STRIP,Amanda,11/15/2021,Updating UID
f0bf0ba8b9ddbd26b8d084f84fbac8a3,PARCELNAME,DAVID N. DINKINS MANHATTAN MUNI BLDG,DAVID N. DINKINS MANHATTAN MUNICIPAL BUILDING,Amanda,11/15/2021,Updating UID
c8c02588dbbe36787d73014ff859a20b,PARCELNAME,FD ROOSEVELT BOARDWALK AND BEACH,FRANKLIN D. ROOSEVELT BOARDWALK AND BEACH,Amanda,11/15/2021,Updating UID
50bda4b19bfa1b56659a733c843f266e,PARCELNAME,PS 48 AND PLAYGROUND.(JOP),PS 48 AND PLAYGROUND (JOINT OPERATED PLAYGROUND),Amanda,11/15/2021,Updating UID
aa59b832dbdbf8155c4adcd950021740,PARCELNAME,WASHINGTON HGHTS (GPP 1 AND 2),WASHINGTON HEIGHTS REHAB (GROUPS 1 & 2),Amanda,11/15/2021,Updating UID
ed1e87d02ed04c8841c24daa0599dd60,PARCELNAME,DAVID N. DINKINS MANHATTAN MUNI BLDG,DAVID N. DINKINS MANHATTAN MUNICIPAL BUILDING,Amanda,11/15/2021,Updating UID
4c0a0648c044eb6ca487230ac6b2b787,PARCELNAME,BUSHWICK 2.(GROUPS..B. AND .D),BUSHWICK II (GROUPS B AND D),Amanda,11/15/2021,Updating UID
7042752396196d5ec5b9f0940c7bc77b,PARCELNAME,INTRSECTION 58TH AVE/GRAND AVENUE,,Amanda,11/15/2021,Updating UID
95a9484d267a71399c068cf476f9bf70,PARCELNAME,P.D. 76TH PRECINCT STATION HOUSE,NYPD 76TH PRECINCT STATION HOUSE,Amanda,11/15/2021,Updating UID
c4d111a597d0a40afd0544350d2d1fe0,PARCELNAME,OLD 83PRECINCT OFF STREET PARKING,OLD 83 PRECINCT OFF STREET PARKING,Amanda,11/15/2021,Updating UID
3101967f51f7c5273e77cbf5d563a7da,PARCELNAME,THE BROOKLYN BEARS/CARLTON AVENUE GD,THE BROOKLYN BEARS/CARLTON AVENUE GARDEN,Amanda,11/15/2021,Updating UID
fa5b387c8be5ad4325e28cc5c87e84a1,PARCELNAME,DAVID N. DINKINS MANHATTAN MUNI BLDG,DAVID N. DINKINS MANHATTAN MUNICIPAL BUILDING,Amanda,11/15/2021,Updating UID
7f64718b8bd6d66f3febb7019b44cc94,PARCELNAME,HS FOR LAW ENF. AND PUB. SAFETY,HIGH SCHOOL FOR LAW ENFORCEMENT AND PUBLIC SAFETY,Amanda,11/15/2021,Updating UID
71a2ecc99e6350a8bee835d931f1e7d9,PARCELNAME,FD ROOSEVELT BOARDWALK AND BEACH,FRANKLIN D. ROOSEVELT BOARDWALK AND BEACH,Amanda,11/15/2021,Updating UID
976cf426c8d760479889f91f444dd39f,PARCELNAME,GEO WASHTN HOUSES/BLAKE HOBBS PARK,GEORGE WASHINGTON HOUSES/BLAKE HOBBS PARK,Amanda,11/15/2021,Updating UID
13c8662d74432e1efbce24194dadb72a,PARCELNAME,PS 274  MINI SCHL AND PLAYGROUND,PS 274  MINI SCHOOL AND PLAYGROUND,Amanda,11/15/2021,Updating UID
6171f2a6e31498ac57b9f9522b5cc7ef,PARCELNAME,GEORGE WASHINGTON HS AND AF,GEORGE WASHINGTON HIGH SCHOOL AND ATHLETIC FIELD,Amanda,11/15/2021,Updating UID
5cf6c65d39d3815748731aab090cb538,PARCELNAME,PS 28 PLAYGROUND WRIGHT BROS PARK JOP,PS 28 PLAYGROUND AND WRIGHT BROTHERS PARK JOINT OPERATED PLAYGROUND,Amanda,11/15/2021,Updating UID
ab5558ea8b37f777967180be6dd1b4b6,SNAME,FLATBUSH AVENUE EXTENSIO,FLATBUSH AVENUE EXTENSION,Lynn,2021-06-02,Updating UID
0a8fff8467527b93b939eb3ba9d22a71,PARCELNAME,S ST. CPORT/BURLING SLIP/PLAYGROUND,SOUTH STREET SEAPORT/BURLING SLIP/PLAYGROUND,Amanda,11/15/2021,Updating UID
8ec865898748bc82752da61f266d272d,PARCELNAME,IRT DRYRE AVENUE LINE R.O.W,IRT DRYE AVENUE LINE RIGHT OF WAY,Amanda,11/15/2021,Updating UID
4c0404871a487850ed347feb61a0fbca,PARCELNAME,QUEENSBRIDGE SO.HOUSES AND PARKS,QUEENSBRIDGE SOUTH HOUSES AND PARKS,Amanda,11/15/2021,Updating UID
0c2c158ed106c29a0e17729ef891ecc6,PARCELNAME,STERLING REHAB (STERLIN-BUFFALO,STERLING REHAB (ST JOHNS-STERLING),Amanda,11/15/2021,Updating UID
f424573f4dc8a8c1ca9ddb0169d77a16,PARCELNAME,CASSIDY-LAFAYTE HOUSES AND  COLES SC,CASSIDY-LAFAYETTE HOUSES AND COLES SENIOR CENTER,Amanda,11/15/2021,Updating UID
9f610a775ffccb09504dd5d330159e6c,PARCELNAME,6TH ST AND AVENUE B COMM GARDEN,6TH STREET AND AVENUE B COMMUNITY GARDEN,Amanda,11/15/2021,Updating UID
aa9e6cd7aa84d9cc5350f4adad9a2351,PARCELNAME,SMITH ST SUBSTATION AND ROW F,SMITH STREET SUBSTATION AND RIGHT OF WAY F,Amanda,11/15/2021,Updating UID
1af5ee1cdda7cac750a8fc23b9519e49,PARCELNAME,IRT DYRE AVENUE LINE R.O.W,IRT DYRE AVENUE LINE RIGHT OF WAY,Amanda,11/15/2021,Updating UID
3cdeb650c162590a13cc3d679a0844b3,PARCELNAME,FIELD OFFICE-MANHATTAN FAMILY CT DIVN,FIELD OFFICE-MANHATTAN FAMILY COURT DIVISION,Amanda,11/15/2021,Updating UID
419f1be17ee37fd2df1c188ced0e0a33,PARCELNAME,DAVIDSON AVENUE COMM CTR-STL TNT,DAVIDSON AVENUE COMMUNITY CENTER,Amanda,11/15/2021,Updating UID
3a98cdbdc3982d0cc10de81801cb85c3,PARCELNAME,CHINATOWN PC DCC AND  OPEN DOOR SR,Chinese-American Planning Council Daycare Center and Open Door Senior Center,Amanda,11/15/2021,Updating UID
6d4b6d7ea3598e7159e593e998e11c8d,PARCELNAME,DAVID N. DINKINS MANHATTAN MUNI BLDG,DAVID N. DINKINS MANHATTAN MUNICIPAL BUILDING,Amanda,11/15/2021,Updating UID
98c0314209206b4c79a5c221495308cf,PARCELNAME,WILL WASHINGTON MEMORIAL GARDEN,WILLIAM WASHINGTON MEMORIAL GARDEN,Amanda,11/15/2021,Updating UID
4b32dda1a2d1491a411d6d4b3673ab92,PARCELNAME,WASHINGTON HGHTS (GRP 1 AND 2),WASHINGTON HEIGHTS REHAB (GROUPS 1 & 2),Amanda,11/15/2021,Updating UID
48ac4f0b5fae96336db2c74d2a766891,PARCELNAME,6TH ST AND AVENUE B COMM GARDEN,6TH STREET AND AVENUE B COMMUNITY GARDEN,Amanda,11/15/2021,Updating UID
389166a04677ab1287f60388e53220dd,PARCELNAME,PFC THOMAS NORTON MEN PLAYGROUND,PFC NORTON PLAYGROUND,Amanda,11/15/2021,Updating UID
cb4c1dbbfad5d7557ec94fb46a363d78,PARCELNAME,PS 48 AND PLAYGROUND.(JOP),PS 48 AND PLAYGROUND (JOINT OPERATED PLAYGROUND),Amanda,11/15/2021,Updating UID
d34bad82aa32dabdc5bc8c3843e159a2,PARCELNAME,QUEENS MIDTOWN EXPWY/PARK STRIP,QUEENS MIDTOWN EXPRESSWAY/PARK STRIP,Amanda,11/15/2021,Updating UID
2c4d6624b97403f4cefff554f8a724af,PARCELNAME,STERLING REHAB (STRLING-BUFFALO,STERLING REHAB (STERLING-BUFFALO),Amanda,11/15/2021,Updating UID
6605e676d1f56c7ad6c5790957e57cd2,PARCELNAME,CONWAY ST STORAGE AND PRKNG FAC,CONWAY STREET STORAGE AND PARKING FACILITY,Amanda,11/15/2021,Updating UID
2c5d47ac813812fab7e0a9b1423fde67,PARCELNAME,DR BETANCES  2 AND 3,"BETANCES II, 13 AND BETANCES III, 13",Amanda,11/15/2021,Updating UID
fca7450e205d3d38f5d2e328f4f47c48,PARCELNAME,ENG 46  LAD 27  48 PRECINCT,ENGINE 46  LADDER 27 AND NYPD 48TH PRECINCT STATION HOUSE,Amanda,11/15/2021,Updating UID
92f4e954672c9a49024f2bb17da36e5b,PARCELNAME,HUNTER COLLEGE ELEM AND HS,HUNTER COLLEGE ELEMENTARY AND HIGH SCHOOL,Amanda,11/15/2021,Updating UID
a3cb05f0398bab59cef6886a9172e3f2,PARCELNAME,IRT DYRE AVENUE LINE R.O.W,IRT DYRE AVENUE LINE RIGHT OF WAY,Amanda,11/15/2021,Updating UID
38c08f017309ef6d239ff0c47163cf2e,PARCELNAME,E N Y VOCATIONAL HS PLAYGROUND,EAST NEW YORK VOCATIONAL HIGH SCHOOL AND PLAYGROUND,Amanda,11/15/2021,Updating UID
67a49e3f55771d2c2c369b6a94cf35e4,PARCELNAME,PS 256  AND PLAYGROUND.(JOP),PS 256  AND PLAYGROUND (JOINT OPERATED PLAYGROUND),Amanda,11/15/2021,Updating UID
9e2ef109e99619cfc470e11a1e8d7fe2,PARCELNAME,PS 1 AND A.L. SMITH HS PLAYGROUND,PS 1 AND AL SMITH HIGH SCHOOL AND PLAYGROUND,Amanda,11/15/2021,Updating UID
31efaf84b32f26f9a6414bac81299628,SNAME,VAN SICKLEN AVENUE,VAN SICLEN AVENUE,Lynn,2021-06-02,
8b46d0f107bf8c92e9dfb27bc2f1ad23,PARCELNAME,DAVID N. DINKINS MANHATTAN MUNI BLDG,DAVID N. DINKINS MANHATTAN MUNICIPAL BUILDING,Amanda,11/15/2021,Updating UID
996257d8577d9d396d2a489d5911d8fd,PARCELNAME,DAVID N. DINKINS MANHATTAN MUNI BLDG,DAVID N. DINKINS MANHATTAN MUNICIPAL BUILDING,Amanda,11/15/2021,Updating UID
fbd5a373d53d969f25b22f5c6b19e631,PARCELNAME,DAVID N. DINKINS MANHATTAN MUNI BLDG,DAVID N. DINKINS MANHATTAN MUNICIPAL BUILDING,Amanda,11/15/2021,Updating UID
040b0af9ce1d3025d2ed4dcbcceea0a5,PARCELNAME,ANIBAL ARILES PLAYGROUND AND JHS 54,ANIBAL AVILES PLAYGROUND AND JUNIOR HIGH SCHOOL 54,Amanda,11/15/2021,Updating UID
f8b6e8259c858bde0c1a459db7dda68e,PARCELNAME,EDGEMERE URA SITE #86 AND #87,EDGEMERE URBAN RENEWAL AREA SITE #86 AND #87,Amanda,11/15/2021,Updating UID
dc4c2ff3f09acc52a14c33b2eb7faa73,PARCELNAME,F. H. LAGUARDIA HOUSES ADD AND SC,F. H. LAGUARDIA HOUSES ADDITION AND SENIOR CENTER,Amanda,11/15/2021,Updating UID
33d6e240e8dc29ce04bcb917d8ae1df4,PARCELNAME,RIVER CAFE/DIRCKSEN AND TALLEYR,RIVER CAFE,Amanda,2021-11-10,
d628a657c7f486ff5561c4b3730df1fb,PARCELNAME,WILL WASHINGTON MEMORIAL GARDEN,WILLIAM WASHINGTON MEMORIAL GARDEN,Amanda,11/15/2021,Updating UID
1cdc5fcbe2944fdd9107f226ff561724,PARCELNAME,L.U.W. BUTTRICK AVENUE,LAND UNDER WATER BUTTRICK AVENUE,Lynn,2021-06-02,
09374c7ab12c9a512caf3b09ab2a08f1,PARCELNAME,IRT DYRE AVENUE LINE R.O.W,IRT DYRE AVENUE LINE RIGHT OF WAY,Amanda,11/15/2021,Updating UID
63e379f0d6ce269fa89af99940320d1c,PARCELNAME,S ST. CPORT/BURLING SLIP/PLAYGROUND,SOUTH STREET SEAPORT/BURLING SLIP/PLAYGROUND,Amanda,11/15/2021,Updating UID
52a4b2cf1d4df865e20b274ab7b8afe6,PARCELNAME,P.D. 109TH PRECINCT STATION HOUSE,NYPD 109TH PRECINCT STATION HOUSE,Amanda,11/15/2021,Updating UID
4627c536572dd7435caaa131bc74c378,PARCELNAME,IND 8TH AVENUE ROW AND VENT,IND 8TH AVENUE RIGHT OF WAY AND VENT,Amanda,11/15/2021,Updating UID
40bec348c9dd5af4158747cd6dfc8a5d,PARCELNAME,BET. E 37TH AND E 38TH STS,BETWEEN E 37TH AND E 38TH STREETS,Lynn,2021-06-02,
3eb5d1881478be30e556857bc5b8f3d4,PARCELNAME,BROOKLYN FLD OFF/SVU CHILD ABUSE SQD,BROOKLYN FIELD OFFICE/SVU CHILD ABUSE SQUAD,Amanda,11/15/2021,Updating UID
11e242254f52a418212b7372ba15b27b,PARCELNAME,RUTH B. GINSBURG BROOKLYN MUNI BLDG,RUTH BADER GINSBURG BROOKLYN MUNICIPAL BUILDING,Amanda,11/15/2021,Updating UID
fb9abc79355e0c1de3df86601c62a221,AGREEMENT,S,,Molly,2021-03-19,Correction applied to November 2020 version.
34e0beef3b8b40cb12e1ba521f090163,PARCELNAME,UNITY PLAZA SITES 17  24 AND 25A,"UNITY PLAZA SITES 17, 24 AND 25A",Amanda,11/15/2021,Updating UID
06f42d80b005a86072a64cd75399ef14,PARCELNAME,PS 327/396 TANDEM SCH AND PGD(JOP),PS 327/396 TANDEM SCHOOL AND PLAYGROUND (JOINT OPERATED PLAYGROUND),Amanda,11/15/2021,Updating UID
57c2d8f3cddc36c7e4978d3f42ccba27,PARCELNAME,PS 214 AND PLYGROUND,PS 214 AND PLAYGROUND,Amanda,11/15/2021,Updating UID
8fb8caf677f581261370cb0f8ce09225,PARCELNAME,ANDREW JACKSON HOUSES AND SEN CTR,ANDREW JACKSON HOUSES AND SENIOR CENTER,Amanda,11/15/2021,Updating UID
54f2e0912fd4cd24341348289179dbef,PARCELNAME,HAWKINS SITTING AREA/CTY IS PARK,HAWKINS SITTING AREA/CITY ISLAND PARK,Amanda,11/15/2021,Updating UID
6f4ed210e82dfca758d4df9396484156,PARCELNAME,ACCESS-JEROME PARK BLOWOFF CHMBR,ACCESS-JEROME PARK BLOWOFF CHAMBER,Amanda,11/15/2021,Updating UID
9fcd04420b90fc6165458ca35c1f41d4,PARCELNAME,HIGH SCHOOL OF HEALTH AND HUMAN,HIGH SCHOOL FOR HEALTH PROFESSIONS AND HUMAN SERVICES,Amanda,11/15/2021,Updating UID
d46509752f349a38d91dce8faa1826c5,PARCELNAME,BMT ELEVATED STATION AND ROW/,BMT ELEVATED STATION AND RIGHT OF WAY,Amanda,11/15/2021,Updating UID
10eddf2ead210ba769441ea1559b191f,PARCELNAME,DAVID N. DINKINS MANHATTAN MUNI BLDG,DAVID N. DINKINS MANHATTAN MUNICIPAL BUILDING,Amanda,11/15/2021,Updating UID
74b19104823d1a25f1b1843aa2984dbb,PARCELNAME,ASSER LEVY PARK. AND  AQUARIUM,ASSER LEVY PARK AND AQUARIUM,Amanda,11/15/2021,Updating UID
64ab9992bf7af2b7dbb7948fdcf38c17,PARCELNAME,EAST 173RD ST.-VYSE AVENUE,EAST 173RD STREET - VYSE AVENUE,Amanda,11/15/2021,Updating UID
9282e9b6428a7c152602346c95278b6e,PARCELNAME,S ST. CPORT/BURLING SLIP/PLAYGROUND,SOUTH STREET SEAPORT/BURLING SLIP/PLAYGROUND,Amanda,11/15/2021,Updating UID
af05c42ecb6ff91ff9e6ae6dd112f967,PARCELNAME,OFF STREET PARKING FOR 75PRECINCT,OFF STREET PARKING FOR 75 PRECINCT,Amanda,11/15/2021,Updating UID
5ecfea14db214aa3e78c4c13db7e4dfe,PARCELNAME,BMT NEWKIRK PLAZA STATION R.O.W,BMT NEWKIRK PLAZA STATION RIGHT OF WAY,Amanda,11/15/2021,Updating UID
9433f5c71250682bb7fe9c7ff6344f46,PARCELNAME,PS 128 PLAYGROUND AND MINI-SCHL JOP,PS 128 PLAYGROUND AND MINI-SCHOOL JOINT OPERATED PLAYGROUND,Amanda,11/15/2021,Updating UID
c58216583ba24601cb11fe8ad0e6cf0c,PARCELNAME,PS 213 AND PLAYGROUND MINI-SCH PLYGD,PS 213 AND PLAYGROUND MINI-SCHOOL PLAYGROUND,Amanda,11/15/2021,Updating UID
01ec1a19593cc2a32874a5c1fd55bc13,PARCELNAME,IRT DYRE AVENUE LINE R.O.W,IRT DYRE AVENUE LINE RIGHT OF WAY,Amanda,11/15/2021,Updating UID
94993260330eb2d2163215b766db01e5,PARCELNAME,WASHINGTON HGHTS (GRP 1 AND 2),WASHINGTON HEIGHTS REHAB (GROUPS 1 & 2),Amanda,11/15/2021,Updating UID
2b42b1038024c28884b74bca0e764fc1,PARCELNAME,FD ROOSEVELT BOARDWALK AND BEACH,FRANKLIN D. ROOSEVELT BOARDWALK AND BEACH,Amanda,11/15/2021,Updating UID
948639a5cd739eb71d9143b2b3dac9b4,PARCELNAME,IRT DYRE AVENUE LINE R.O.W,IRT DYRE AVENUE LINE RIGHT OF WAY,Amanda,11/15/2021,Updating UID
3f202461ad463bf13ca01a8374f66c6f,PARCELNAME,ENG 46  LAD 27  48 PRECINCT,ENGINE 46  LADDER 27 AND NYPD 48TH PRECINCT STATION HOUSE,Amanda,11/15/2021,Updating UID
a741bf0954711f5afa1d8d22e296bbe0,PARCELNAME,L.U.W.EAST RIVER BUTTRICK AVENUE,LAND UNDER WATER EAST RIVER BUTTRICK AVENUE,Lynn,2021-06-02,
c4d232cb4604c59b7abd3fa687ea88f1,PARCELNAME,OLD 83PRECINCT OFF STREET PARKING,OLD 83 PRECINCT OFF STREET PARKING,Amanda,11/15/2021,Updating UID
37a78b3c9bca021c37a8193dd3dcb438,PARCELNAME,P.D. 105TH PRECINCT STATION HOUSE,NYPD 105TH PRECINCT STATION HOUSE,Amanda,11/15/2021,Updating UID
2a86add6e966b387e93a2479f75078ca,PARCELNAME,ENG 245 LAD 161 BAT 43  PRECINCT 60,"FDNY, BATTALION 43, ENGINE 245 & LADDER 161 AND NYPD 60TH PRECINCT STATION HOUSE",Amanda,11/15/2021,Updating UID
37b7b1c65edb8c97d772f0b3814bc1e2,PARCELNAME,WILL WASHINGTON MEMORIAL GARDEN,WILLIAM WASHINGTON MEMORIAL GARDEN,Amanda,11/15/2021,Updating UID
2b4e778245401792703ce6ac5d6accf0,PARCELNAME,DOS BRONX 1 3 AND 4 GARAGES,"SANITATION BRONX, 1 3 AND 4 GARAGES",Amanda,11/15/2021,Updating UID
efd1ea227fddc20b8ee1a07f0b9b2251,PARCELNAME,IRT DYRE AVENUE LINE R.O.W,IRT DYRE AVENUE LINE RIGHT OF WAY,Amanda,11/15/2021,Updating UID
3a7e1d1d5983f9394a0a1f4e59b0efdc,PARCELNAME,ENG 245 LAD 161 BAT 43  PRECINCT 60,"FDNY, BATTALION 43, ENGINE 245 & LADDER 161 AND NYPD 60TH PRECINCT STATION HOUSE",Amanda,11/15/2021,Updating UID
0420fd6cd6b8ffffd6ceaf119c85a7b7,SNAME,EAST NORTH Y AVENUE,EAST NEW YORK AVENUE,Lynn,2021-06-02,
a9788d0b74f2df778336cbe109ab5073,PARCELNAME,DAVID N. DINKINS MANHATTAN MUNI BLDG,DAVID N. DINKINS MANHATTAN MUNICIPAL BUILDING,Amanda,11/15/2021,Updating UID
fb4136f214dff874ed1a314bdd7b9bc6,PARCELNAME,DAVIDSON AVENUE COMM PLAYGROUND,DAVIDSON AVENUE COMMUNITY  PLAYGROUND,Amanda,11/15/2021,Updating UID
6e044dbabf8d6ef434be133df66c7ffe,PARCELNAME,JJ BYRNE MEM PARK,JJ BYRNE MEMORIAL PARK,Amanda,11/15/2021,Updating UID
61992e9465c5f4ce0d3436c07d5fdc9b,PARCELNAME,EAST 180TH ST.- MONTEREY AVENUE,EAST 180TH ST - MONTEREY AVENUE,Amanda,11/15/2021,Updating UID
0fb7187f2e234dfe17f3c0a79af17a22,PARCELNAME,OLD 83PRECINCT OFF STREET PARKING,OLD 83 PRECINCT OFF STREET PARKING,Amanda,11/15/2021,Updating UID
d7b134b55baeaf4f97cd4af7609ab673,PARCELNAME,FD ROOSEVELT BOARDWALK AND BEACH,FRANKLIN D. ROOSEVELT BOARDWALK AND BEACH,Amanda,11/15/2021,Updating UID
b0523b1e2d7a61a586be5763903ff65e,SNAME,FREDERICK DOUGLASS BOULE,FREDERICK DOUGLASS BOULEVARD,Lynn,2021-06-02,Updating UID
94f5bd8f882bc946225439150f54871b,PARCELNAME,34TH PRECINCT STATION HOUSE,NYPD 34TH PRECINCT STATION HOUSE,Amanda,11/15/2021,Updating UID
4d2807b37ac1123ba7c7558ce24740bd,PARCELNAME,HINSDALE YARD BROOKLYN WMS SHLTR,HINSDALE YARD BROOKLYN WOMEN'S SHELTER,Amanda,11/15/2021,Updating UID
7c5b8be1fffa97d4e83afb26ade95f65,PARCELNAME,ENG.248  67 PRECINCT,"FDNY ENGINE 248, BATTALION 41 AND NYPD 67TH PRECINCT STATION HOUSE",Amanda,11/15/2021,Updating UID
aa6210a6f09476e9b0150d13ab8c2d52,PARCELNAME,FIELD OFFICE-MANHATTAN FAMILY CT DIVN,FIELD OFFICE-MANHATTAN FAMILY COURT DIVISION,Amanda,11/15/2021,Updating UID
3fe2702103f8b50295593ed3160e54e7,SNAME,AVENUE B & EAST   93 STREET,AVENUE B,Lynn,2021-06-02,
8455f840a3babaa63f3f63b81853675b,PARCELNAME,8TH AVENUE WASH HEIGHTS LINE,8TH AVENUE WASHINGTON HEIGHTS LINE,Amanda,11/15/2021,Updating UID
b51088b2045233d385eb8bc5ca6d5e06,PARCELNAME,FD ROOSEVELT BROADWALK AND BEACH,FRANKLIN D. ROOSEVELT BOARDWALK AND BEACH,Amanda,11/15/2021,Updating UID
43c9ac7cc09a90094dd0a91346b7db42,PARCELNAME,FD ROOSEVELT BOARDWALK AND BEACH,FRANKLIN D. ROOSEVELT BOARDWALK AND BEACH,Amanda,11/15/2021,Updating UID
abda8f0d8c30dfe24fcfdadb45166e94,PARCELNAME,L.U.W UPLAND AND MARGINAL STREET,LAND UNDER WATER UPLAND AND MARGINAL STREET,Lynn,2021-06-02,
849eb8add92cf6caaa3a66837d0d36f9,PARCELNAME,L.U.W UPLAND AND MARGINAL STREET,LAND UNDER WATER UPLAND AND MARGINAL STREET,Lynn,2021-06-02,
aa8bda44176fc86e19d2be935c6de27e,PARCELNAME,QUEENS NO BORO REPAIR SHOP,QUEENS NORTH BORUGH REPAIR SHOP,Amanda,11/15/2021,Updating UID
24eeddbf91acea24461c29032998d890,PARCELNAME,STERLING REHAB (STERLIN-BUFFALO,STERLING REHAB (ST JOHNS-STERLING),Amanda,11/15/2021,Updating UID
fb3bffb16b9b0d09ff66d72e570e8f26,PARCELNAME,FORMERLY PIERS 19  20 AND 21,"FORMERLY PIERS 19, 20 AND 21",Amanda,11/15/2021,Updating UID
e77cf6c5b58986333c0b6c036f3a304c,PARCELNAME,IRT DYRE AVENUE LINE R.O.W,IRT DYRE AVENUE LINE RIGHT OF WAY,Amanda,11/15/2021,Updating UID
e01cdeae1f300e757cd1a5ef5c1dee7a,PARCELNAME,BWSO BROOKLYN WATER/SEWER MAINT YARD,BWSO BROOKLYN WATER/SEWER MAINTENANCE YARD,Amanda,11/15/2021,Updating UID
e5f376bc53022e5be03981c91ed191f6,PARCELNAME,66TH POLICE PRECINCT STATION HOUSE,NEW UTRECHT AVE STATION AND TRANSIT RIGHT OF WAY,Amanda,11/15/2021,Updating UID
350e3ca3261c725377dbfb5dca6a9b6d,PARCELNAME,KINGSBOUGH COMM COLLEGE AND H.S,KINGSBOROUGH COMMUNITY COLLEGE AND LEON M. GOLDSTEIN HIGH SCHOOL FOR THE SCIENCES,Amanda,11/15/2021,Updating UID
afaf424730c627b5e6e50aa8a16226db,PARCELNAME,SAILOR'S SNUG HARBOR PARK ADDTN,SAILOR'S SNUG HARBOR PARK ADDITION,Amanda,11/15/2021,Updating UID
f1e792ef7866d2195ea3196bc831ae4e,PARCELNAME,MANHATTAN CTR FOR MATH AND SCIENCE HS,MANHATTAN CENTER FOR MATH AND SCIENCE HIGH SCHOOL,Amanda,11/15/2021,Updating UID
26c419fc07f2bda8ce2e7783740abfae,PARCELNAME,OLD 73PRECINCT OFF STREET PARKING,OLD 73 PRECINCT OFF STREET PARKING,Amanda,11/15/2021,Updating UID
38aad80ff4644ccf6690b79b848221b0,PARCELNAME,FUT GATEWAY PK/ATLANTIC AVENUE EXT,GATEWAY PARK/ATLANTIC AVENUE EXTENSION,Amanda,11/15/2021,Updating UID
dc6d1fffb46dbdd89a62ca8ff86e725d,PARCELNAME,ANIBAL ARILES PLAYGROUND AND JHS 54,ANIBAL AVILES PLAYGROUND AND JUNIOR HIGH SCHOOL 54,Amanda,11/15/2021,Updating UID
14b5bc525dd4862d02afbf647605b8bb,PARCELNAME,FUT GATEWAY PK/ATLANTIC AVENUE ROW,GATEWAY PARK/ATLANTIC AVENUE RIGHT OF WAY,Amanda,2021-11-10,
9ec379b54334e32803752b64ab2f81a1,PARCELNAME,GRANT HOUSES AND J ROBINSON SC,GRANT HOUSES AND J ROBINSON SENIOR CENTER,Amanda,11/15/2021,Updating UID
8a96a72ea764adcaeaf2b65807481516,PARCELNAME,MARINERS HARBOR HOUSES.PLAYGROUND,MARINERS HARBOR HOUSES PLAYGROUND,Amanda,11/15/2021,Updating UID
13e16eb8c7706ec0e966f1105b138897,PARCELNAME,STERLING REHAB (STERL-BUFFALO),STERLING REHAB (STERLING-BUFFALO),Amanda,11/15/2021,Updating UID
b3ee9cb3a2d664efe6298194ecaa1c99,PARCELNAME,BUSHWICK HS AND PLAYGROUND(JOP),BUSHWICK HIGH SCHOOL AND PLAYGROUND (JOINT OPERATED PLAYGROUND),Amanda,11/15/2021,Updating UID
946b6a25f6efad868a2df8ed9fc6e7a0,PARCELNAME,"IND 10  ST. SUBSTATION ""F"" R.O.W","IND 10TH STREET SUBSTATION ""F"" RIGHT OF WAY",Amanda,2021-11-10,
5201b86c8618fdf853c7d3716f23e121,PARCELNAME,OLD 83PRECINCT OFF STREET PARKING,OLD 83 PRECINCT OFF STREET PARKING,Amanda,11/15/2021,Updating UID
9ed26891fae80457d71cadd271ffdbc0,PARCELNAME,IRT DYRE AVENUE LINE R.O.W,IRT DYRE AVENUE LINE RIGHT OF WAY,Amanda,11/15/2021,Updating UID
a42b08702526f92b5f9e840b3cb94ed6,PARCELNAME,DAVID N. DINKINS MANHATTAN MUNI BLDG,DAVID N. DINKINS MANHATTAN MUNICIPAL BUILDING,Amanda,11/15/2021,Updating UID
41dc468f9731a656c6442bfe7b822b87,PARCELNAME,FIELD OFFICE-MANHATTAN FAMILY CT DIVN,FIELD OFFICE-MANHATTAN FAMILY COURT DIVISION,Amanda,11/15/2021,Updating UID
1d59a430c49c1879416f57ab592ed083,PARCELNAME,BMT ROW AND LIRR BAYRIDGE ROW,BMT ROW AND LIRR BAYRIDGE RIGHT OF WAY,Amanda,11/15/2021,Updating UID
f5fd9b0de575f7239d2ec5d92b9d3510,PARCELNAME,H. LEHMAN HS-PLAYGROUND ATHLETIC FIELD,HERBET H. LEHMAN HIGH SCHOOL- PLAYGROUND/ATHLETIC FIELD,Amanda,11/15/2021,Updating UID
b1fca4c2609b6de9044c9f9545ce38fe,PARCELNAME,DR. BETANCES 4 AND 5 HOUSES,BETANCES IV AND V HOUSES,Amanda,11/15/2021,Updating UID
fa2c692a21abfdec35520c9af88dfb7e,PARCELNAME,UNITY PLAZA SITES 17  24 AND 25A,"UNITY PLAZA SITES 17, 24 AND 25A",Amanda,11/15/2021,Updating UID
ceb621f9bceeaafc37a6c4d474596ae9,PARCELNAME,PS 155 AND PLAYGROUND.(JOP),PS 155 AND PLAYGROUND (JOINT OPERATED PLAYGROUND),Amanda,11/15/2021,Updating UID
098ef7308d962a2f832399de30640005,PARCELNAME,FIELD OFFICE-MANHATTAN FAMILY CT DIVN,FIELD OFFICE-MANHATTAN FAMILY COURT DIVISION,Amanda,11/15/2021,Updating UID
ca8e253dcafa1cc198ea1a07d1c8c10c,PARCELNAME,FIELD OFFICE-MANHATTAN FAMILY CT DIVN,FIELD OFFICE-MANHATTAN FAMILY COURT DIVISION,Amanda,11/15/2021,Updating UID
708ca71b67edd730a0b7f7bc11ebeb4d,PARCELNAME,PAUL ROBESON HS OF BUS AND TECH,PAUL ROBESON HIGH SCHOOL OF BUSINESS AND TECHNOLOGY,Amanda,11/15/2021,Updating UID
a2bb2221fa2f03cae333398bd9486f6d,PARCELNAME,THE BROOKLYN BEARS/CARLTON AVENUE GD,THE BROOKLYN BEARS/CARLTON AVENUE GARDEN,Amanda,11/15/2021,Updating UID
e232a94691681cdc6ff98bd3df1f815a,PARCELNAME,GROVER CLEVELAND HS AND ATHL FLD,GROVER CLEVELAND HIGH SCHOOL AND ATHLETIC FIELD,Amanda,11/15/2021,Updating UID
1a92732d1dbbf78551283a463549b6d7,PARCELNAME,FD ROOSEVELT BOARDWALK AND BEACH,FRANKLIN D. ROOSEVELT BOARDWALK AND BEACH,Amanda,11/15/2021,Updating UID
35cb04a94a02907ed2ebd1d99de0e1f4,PARCELNAME,P.D. 110TH PRECINCT STATION HOUSE,NYPD 110TH PRECINCT STATION HOUSE,Amanda,11/15/2021,Updating UID
3b238862d23798a10feb59ea8a3cb880,PARCELNAME,HAMILTON AVENUE TRANFER STATION,HAMILTON AVENUE TRANSFER STATION,Amanda,11/15/2021,Updating UID
76a9c02227f273e1a0dff74aa6caf466,PARCELNAME,NEW DORP HS AND AF,NEW DORP HIGH SCHOOL AND ATHELETIC FIELD,Amanda,11/15/2021,Updating UID
e5b8e81ac83e2fbc8526bc6bfa6090d9,PARCELNAME,STERLING REHAB (STJOHNS-STERLIN,STERLING REHAB (ST JOHNS-STERLING),Amanda,11/15/2021,Updating UID
7e23b02f7b7c3bad1e0b690b133e3831,PARCELNAME,OLD 83PRECINCT OFF STREET PARKING,OLD 83 PRECINCT OFF STREET PARKING,Amanda,11/15/2021,Updating UID
cfb62aa768173659b2a24793e98222dc,PARCELNAME,CHINATOWN PC DCC AND  OPEN DOOR SR,Chinese-American Planning Council Daycare Center and Open Door Senior Center,Amanda,11/15/2021,Updating UID
7abe1d098decb49079ae4da21e067946,PARCELNAME,PS 128 PLAYGROUND AND MINI-SCHL JOP,PS 128 PLAYGROUND AND MINI-SCHOOL JOINT OPERATED PLAYGROUND,Amanda,11/15/2021,Updating UID
f2cfe14e80371bdf61a31b757c7d7092,PARCELNAME,JAMAICA CTR. FOR ARTS AND LEARN,JAMAICA CENTER FOR ARTS AND LEARNING,Amanda,11/15/2021,Updating UID
8f0bb4fc192ada068bf19d4ee1558281,PARCELNAME,IRT DYRE AVENUE LINE R.O.W,IRT DYRE AVENUE LINE RIGHT OF WAY,Amanda,11/15/2021,Updating UID
280f174f280969ba34e94e1846911ca2,PARCELNAME,FAR ROCKAWAY HS AND ATHLETIC FLD,FAR ROCKAWAY HIGH SCHOOL AND ATHLETIC FIELD,Amanda,11/15/2021,Updating UID
645a4afa3b5de52d3926ff40697ece85,PARCELNAME,RIVER CAFE/DIRCKSEN AND TALLEYR,RIVER CAFE,Amanda,2021-11-10,
35953479a6479eb76248a037ed1295cf,PARCELNAME,OLD 83PRECINCT OFF STREET PARKING,OLD 83 PRECINCT OFF STREET PARKING,Amanda,11/15/2021,Updating UID
8c19e02c4c93868bba4bbc23e643e922,SNAME,FREDERICK DOUGLASS BOULE,FREDERICK DOUGLASS BOULEVARD,Lynn,2021-06-02,Updating UID
34f2e75b38bbd1824bda6afc780e5979,PARCELNAME,FD ROOSEVELT BOARDWALK AND BEACH,FRANKLIN D. ROOSEVELT BOARDWALK AND BEACH,Amanda,11/15/2021,Updating UID
ff9c4caa11e6d7bdecab1a1c4e082b62,PARCELNAME,OLD 83PRECINCT OFF STREET PARKING,OLD 83 PRECINCT OFF STREET PARKING,Amanda,11/15/2021,Updating UID
b1dedbb71129768d525dba5632400155,PARCELNAME,ROY WILKINS-SOUTHERN QUEENS. PARK,ROY WILKINS SOUTHERN QUEENS PARK,Amanda,11/15/2021,Updating UID
9e9c467ae501e7a28eadc11b143e55de,PARCELNAME,S BRONX MARINE TRANSFER STN/SALT,SOUTH BRONX MARINE TRANSFER STATION/SALT,Amanda,11/15/2021,Updating UID
54a9241f5e06834a60f0c909c7ac8670,PARCELNAME,L.U.W. HARLEM  AND HUDSON RIVERS,LAND UNDER WATER HARLEM  AND HUDSON RIVERS,Lynn,2021-06-02,
60598a5f36bddfc33a12a84b9c142e0d,SNAME,DITMARS BOULEVA,DITMARS BOULEVARD,Lynn,2021-06-02,
e4d170d01a299f5bc019024c4f50524c,PARCELNAME,PS 31. PLAYGROUND DAVIS PLYGD,PS 31 AND DAVIS PLAYGROUND (JOINT OPERATED PLAYGROUND),Amanda,2021-11-10,
e385b76285555ac578b87d9ec1bcbb04,PARCELNAME,FD ROOSEVELT BOARDWALD AND BEACH,FRANKLIN D. ROOSEVELT BOARDWALK AND BEACH,Amanda,11/15/2021,Updating UID
c34b191fa44e5c8c0ab1473bdf53fb19,PARCELNAME,PS 219 AND PLYGROUND,PS 219 KENNEDY KING ELEMENTARY SCHOOL AND PLAYGROUND,Amanda,11/15/2021,Updating UID
5bc0617aaa0d4aeb7e12880faa892dd1,PARCELNAME,DAVID N. DINKINS MANHATTAN MUNI BLDG,DAVID N. DINKINS MANHATTAN MUNICIPAL BUILDING,Amanda,11/15/2021,Updating UID
058bd82b47c4d2b070cbf4c008d7a020,PARCELNAME,L.U.W. BET E.30 AND 34 STREETS,LAND UNDER WATER BETWEEN E.30 AND 34 STREETS,Lynn,2021-06-02,
0ee197300f289326c32cc772156e0ab7,PARCELNAME,C. DREW ELC 3 AND T. JACKSON SC,C. DREW ELC 3 AND T. JACKSON SENIOR CENTER,Amanda,11/15/2021,Updating UID
c5033a240ccb21fc0777494fc57f583c,PARCELNAME,1680 LEXINGTON AVENUE - FMR PS 107,THE HERITAGE SCHOOL,Amanda,2021-11-10,
f251400c4919b010afef09431f4c6447,PARCELNAME,L.U.W. BET E 42ND AND E 48 STS,LAND UNDER WATER BETWEEN E 42ND AND E 48 STS,Lynn,2021-06-02,
bdc0735e87144a40861040d98d05d938,PARCELNAME,MARINERS HARBOR HOUSES.PLAYGROUND,MARINERS HARBOR HOUSES PLAYGROUND,Amanda,11/15/2021,Updating UID
8626adab7b903c0aba2c29fc32a5e51c,PARCELNAME,ESPLANADE AND PEDESTRIAN EASEMTS,ESPLANADE AND PEDESTRIAN EASEMENTS,Amanda,11/15/2021,Updating UID
039ddf8958cdc0ad9ea07859fa348d0f,PARCELNAME,DAVIDSON AVENUE COMM. GARDENERS,DAVIDSON AVENUE COMMUNITY GARDENERS,Amanda,11/15/2021,Updating UID
e8a64bb8dce50b143409485bfdd3d809,PARCELNAME,TOTTENVILLE HS AND AF,TOTTENVILLE HIGH SCHOOL AND ATHLETIC FIELD,Amanda,11/15/2021,Updating UID
feb80b1750fe778dd76bbf2c22b991b7,SNAME,ORIENTAL BLVD RM C-124,ORIENTAL BOULEVARD,Lynn,2021-06-02,
4a17f4935ac7c5045e0dcaded80f3232,PARCELNAME,GW PLAYGROUND CHERRY TREE PARK,GEORGE WASHINGTON PLAYGROUND CHERRY TREE PARK,Amanda,11/15/2021,Updating UID
e2c1c5b8a5674c30e4cd3d50a84fb78e,PARCELNAME,CLEMENT CLARKE MOORE HMSTED PARK,CLEMENT CLARKE MOORE HOMESTEAD PARK,Amanda,11/15/2021,Updating UID
f1d2652a0ccc74ecadb1e2add2e9a559,SNAME,FREDERICK DOUGLASS BOULE,FREDERICK DOUGLASS BOULEVARD,Lynn,2021-06-02,Updating UID
ba9fca2ad86156db88d7d54bc60832a7,PARCELNAME,HS OF TEACHING  LIB ARTS AND SCI,"HIGH SCHOOL OF TEACHING, LIBERAL ARTS AND THE SCIENCES",Amanda,11/15/2021,Updating UID
e5c17d6b3eec0caaf3dcd2981c1d0a57,PARCELNAME,VERNON T AND T BLOCK ASSOC.GARDEN,T AND T VERNON BLOCK ASSOCIATION GARDEN,Amanda,11/15/2021,Updating UID
902cae78ae2b90b16fb4d23e596e8491,PARCELNAME,OLD 83PRECINCT OFF STREET PARKING,OLD 83 PRECINCT OFF STREET PARKING,Amanda,11/15/2021,Updating UID
a6f7e7acf319f3ed7705ea3204711f9a,PARCELNAME,COL DAVID MARCUS MEM. PLAYGROUND,COLONEL DAVID MARCUS MEMORIAL PLAYGROUND,Amanda,11/15/2021,Updating UID
43b9c7dabad0231e4fb544ab79863330,PARCELNAME,CHRIS COLUMBUS HS AND ATHLETIC FIELD,CHRISTOPHER COLUMBUS HIGH SCHOOL AND ATHLETIC FIELD,Amanda,11/15/2021,Updating UID
32173925ad2d7bab166968005a01d970,PARCELNAME,OFF STREET PARKING FOR 75PRECINCT,OFF STREET PARKING FOR 75 PRECINCT,Amanda,11/15/2021,Updating UID
d2974499c4187e07e92a80147e95e276,PARCELNAME,PORT RICHMOND HS AND AF,PORT RICHMOND HIGH SCHOOL AND ATHLETIC FIELD,Amanda,11/15/2021,Updating UID
ee0958c403786833cf26c4ec67a6b563,PARCELNAME,BWSO QUEENS WTR/SWR REPAIR YARD,BWSO QUEENS WATER/SEWER REPAIR YARD,Amanda,11/15/2021,Updating UID
dba697baf21b0e5af0ed3098d582ad50,PARCELNAME,IRT DYRE AVENUE KUBE R.O.W,IRT DYRE AVENUE TUBE RIGHT OF WAY,Amanda,11/15/2021,Updating UID
a98b77512c2eeb7a81b5ea19e8ac006d,PARCELNAME,HIGHBRIDGE REHAB (ANDERSON AVENUE,HIGHBRIDGE REHAB (ANDERSON AVENUE),Amanda,11/15/2021,Updating UID
f13f4202183d8470a5cace8f28454f92,PARCELNAME,JEROME AVENUE IRT YDS,JEROME AVENUE IRT YARDS,Amanda,11/15/2021,Updating UID
1e4653575a06f84128969baadfa7494b,PARCELNAME,FIELD OFFICE-MANHATTAN FAMILY CT DIVN,FIELD OFFICE-MANHATTAN FAMILY COURT DIVISION,Amanda,11/15/2021,Updating UID
f2ba3e95a6a605f2b44ec8fd59079a8c,PARCELNAME,RUTH B. GINSBURG BROOKLYN MUNI BLDG,RUTH BADER GINSBURG BROOKLYN MUNICIPAL BUILDING,Amanda,11/15/2021,Updating UID
a81357dfabe4ea3b656c8f769578afe9,SNAME,ORIENTAL BLVD RM C-124,ORIENTAL BOULEVARD,Lynn,2021-06-02,
632d74802f773b0d901e95eed655a194,PARCELNAME,BROOKLYN FLD OFF/SVU CHILD ABUSE SQD,BROOKLYN FIELD OFFICE/SVU CHILD ABUSE SQUAD,Amanda,11/15/2021,Updating UID
a025e010a957fc79d8d68a7d4eaf0678,PARCELNAME,DAVID N. DINKINS MANHATTAN MUNI BLDG,DAVID N. DINKINS MANHATTAN MUNICIPAL BUILDING,Amanda,11/15/2021,Updating UID
b0fb3e899baa4f844757f1fd7b6ba165,PARCELNAME,PS 48 AND PLAYGROUND.(JOP),PS 48 AND PLAYGROUND (JOINT OPERATED PLAYGROUND),Amanda,11/15/2021,Updating UID
9e5bfcf29599c8ef56c79ffbbe3b7e81,PARCELNAME,IRT DYRE AVENUE LINE R.O.W,IRT DYRE AVENUE LINE RIGHT OF WAY,Amanda,11/15/2021,Updating UID
64e21d3c48b01859fd3f5af3099c7f34,PARCELNAME,BWSO STATEN ISLAND REPAIR YD/BLUBLT OFC,BWSO STATEN ISLAND REPAIR YARD/BLUE BELT OFFICE,Amanda,11/15/2021,Updating UID
12cc27698ad9939fa7a57c1ec010253f,PARCELNAME,STERLING REHAB (STJOHNS-STERLIN,STERLING REHAB (ST JOHNS-STERLING),Amanda,11/15/2021,Updating UID
8c606952814da76984fe5cafdc430b3d,PARCELNAME,IRT DYRE AVENUE LINE R.O.W,IRT DYRE AVENUE LINE RIGHT OF WAY,Amanda,11/15/2021,Updating UID
da2502d947ef01fe630b6f3279f17e44,PARCELNAME,T.ROOSEVELT PARK AND MUS NAT HIS,THEODORE ROOSEVELT PARK AND MUSEUM OF NATURAL HISTORY,Amanda,11/15/2021,Updating UID
7f25feac3f9c8bb35e142645dacf64aa,PARCELNAME,COL. DAVID MARCUS MEM PLAYGROUND,COLONEL DAVID MARCUS MEMORIAL PLAYGROUND,Amanda,11/15/2021,Updating UID
d71bab7a9632703e9b0eb01c4a438a6e,PARCELNAME,DAVID N. DINKINS MANHATTAN MUNI BLDG,DAVID N. DINKINS MANHATTAN MUNICIPAL BUILDING,Amanda,11/15/2021,Updating UID
99a5fe74973941ad81a1153562610fac,PARCELNAME,OFF STREET PARKING FOR 32PRECINCT,OFF STREET PARKING FOR 32 PRECINCT,Amanda,11/15/2021,Updating UID
f0d3a2869c18a626445f032c16fc6e2c,PARCELNAME,HIGHBRIDGE REHAB (ANDERSON AVENUE,HIGHBRIDGE REHAB (ANDERSON AVENUE),Amanda,11/15/2021,Updating UID
41a15de24a7d754dbf678cf598f8af2b,PARCELNAME,PS 1 AND A.L. SMITH HS PLAYGROUND,PS 1 AND AL SMITH HIGH SCHOOL AND PLAYGROUND,Amanda,11/15/2021,Updating UID
f4fde43e06f957b0702119f64ea87dc4,PARCELNAME,COMM EUGENE S SARSFIELS PLAYGROUND,COMMANDER EUGENE S. SARSFIELD PLAYGROUND,Amanda,11/15/2021,Updating UID
315d1cd58bac1806b7a2330c5676ed0f,PARCELNAME,E N Y VOCATIONAL HS PLAYGROUND,EAST NEW YORK VOCATIONAL HIGH SCHOOL AND PLAYGROUND,Amanda,11/15/2021,Updating UID
78e0ec54113cc68ada1a5c79d30cae74,PARCELNAME,RUTH B. GINSBURG BROOKLYN MUNI BLDG,RUTH BADER GINSBURG BROOKLYN MUNICIPAL BUILDING,Amanda,11/15/2021,Updating UID
acaf8e5f68863667bd0ce815beddc33b,PARCELNAME,IRT DYRE AVENUE LINE R.O.W,IRT DYRE AVENUE LINE RIGHT OF WAY,Amanda,11/15/2021,Updating UID
85f6fc777bdcfb76700d1158f77d60ce,PARCELNAME,L.U.W. UNDER BROOKLYN BRIDGE,LAND UNDER WATER UNDER BROOKLYN BRIDGE,Amanda,11/15/2021,Updating UID
3d5b8679426a2305269b58375e167d85,PARCELNAME,LA TOURETTE PARK. AND  GOLF COURSE,LA TOURETTE PARK AND  GOLF COURSE,Amanda,11/15/2021,Updating UID
d28a07febbeca48fe0f1e126751211a4,PARCELNAME,PS 213 AND PLAYGROUND MINI-SCH PLYGD,PS 213 AND PLAYGROUND MINI-SCHOOL PLAYGROUND,Amanda,11/15/2021,Updating UID
a073750ebe69f3568426a9b268fd404a,PARCELNAME,PS 189 AND PS 189 MINI SCHL&PLAYGROUND,PS 189 BILINGUAL CENTER,Amanda,11/15/2021,Updating UID
97ff259160d2e5449d31f41b2079ea80,PARCELNAME,P.D. 106TH PRECINCT STATION HOUSE,NYPD 106TH PRECINCT STATION HOUSE,Amanda,11/15/2021,Updating UID
701ab5531eb6d3d73f9921f535a595eb,PARCELNAME,ENCLOSED AREA BENEATH BROOKLYN BR,ENCLOSED AREA BENEATH BROOKLYN BRIDGE,Amanda,11/15/2021,Updating UID
6750291ea14640521400ecd0abd39b54,PARCELNAME,ROY WILKINS-SOUTHERN QUEENS PARK,ROY WILKINS SOUTHERN QUEENS PARK,Amanda,11/15/2021,Updating UID
bdf6113387b74f768208f94df2dd6263,PARCELNAME,PS 18 PLAYGROUND PARK.(JOP),PS 18 PLAYGROUND AND PARK (JOINT OPERATED PLAYGROUND),Amanda,11/15/2021,Updating UID
a2cd1c9198f75c4e94b9c17abde90037,PARCELNAME,DAVID N. DINKINS MANHATTAN MUNI BLDG,DAVID N. DINKINS MANHATTAN MUNICIPAL BUILDING,Amanda,11/15/2021,Updating UID
6171738a4087da902fc32ec0f559178e,PARCELNAME,STATEN ISLAND BWSO WATER MAINT YARD,STATEN ISLAND BWSO WATER MAINTENANCE YARD,Amanda,11/15/2021,Updating UID
dc89b1df0e5e845eab8e47998dbc423f,PARCELNAME,FORMER J.KURTZ  AND SONS STORE BLD,FORMER J.KURTZ  AND SONS STORE BUILDING,Amanda,11/15/2021,Updating UID
5cd974abcb79e73b859270b16ed82eda,PARCELNAME,EAST 165TH.ST.BRYANT AVENUE,EAST 165TH STREET - BRYANT AVENUE,Lynn,2021-06-02,
a40c6e4c5d041a206b9ff4338cdaf945,PARCELNAME,NEW 123RD ST. BLOCK ASSOC. GARDEN,NEW 123RD ST. BLOCK ASSOCIATION GARDEN,Amanda,11/15/2021,Updating UID
0f783814cba0aef68a0e59c51a711a24,PARCELNAME,FD ROOSEVELT BOARDWALK AND BEACH,FRANKLIN D. ROOSEVELT BOARDWALK AND BEACH,Amanda,11/15/2021,Updating UID
0bb67378d2c0bf66e45fc55994aa878a,PARCELNAME,FIELD OFFICE-MANHATTAN FAMILY CT DIVN,FIELD OFFICE-MANHATTAN FAMILY COURT DIVISION,Amanda,11/15/2021,Updating UID
83957446329f098650fca0de530b277b,PARCELNAME,BMT SEA BEACH LINE STATION R.O.W,BMT SEA BEACH LINE STATION RIGHT OF WAY,Amanda,11/15/2021,Updating UID
8859a296253233517efc90a5eb588919,PARCELNAME,BERNARD DOWNING PLAYGROUND LUTHER GU,BERNARD DOWNING/LUTHER GULICK PLAYGROUND,Amanda,11/15/2021,Updating UID
28659fe4309168c1a36177c1d89c1396,PARCELNAME,FUT GATEWAY PK/ATLANTIC AVENUE ROW,GATEWAY PARK/ATLANTIC AVENUE RIGHT OF WAY,Amanda,2021-11-10,
c891fa25ad9b537109e4bc3bc4705d85,PARCELNAME,6TH ST AND AVENUE B COMM GARDEN,6TH STREET AND AVENUE B COMMUNITY GARDEN,Amanda,11/15/2021,Updating UID
ec3fa7e804428a4904eb5db115e15364,PARCELNAME,KINGSBOUGH COMM COLLEGE AND H.S,KINGSBOROUGH COMMUNITY COLLEGE AND LEON M. GOLDSTEIN HIGH SCHOOL FOR THE SCIENCES,Amanda,11/15/2021,Updating UID
7d2596a28a68f1eba84d765a6e54d72c,PARCELNAME,TRIANGLE BTWN 75TH AVENUE  112ST,TRIANGLE BETWEEN 75TH AVENUE  AND 112ST,Amanda,11/15/2021,Updating UID
732641741fc00082611f3ee076b6509d,PARCELNAME,VAN DYKE HOUSES I AND II PLAYGROUND SC,VAN DYKE HOUSES I AND II PLAYGROUND AND SENIOR CENTER,Amanda,11/15/2021,Updating UID
a2a5ca91cad020b35c652149de3734ef,PARCELNAME,EAST 180TH ST.- MONTEREY AVENUE,EAST 180TH ST - MONTEREY AVENUE,Amanda,11/15/2021,Updating UID
4e5ef6c8a816aa5adeb30c404169ea41,PARCELNAME,FIELD OFFICE-MANHATTAN FAMILY CT DIVN,FIELD OFFICE-MANHATTAN FAMILY COURT DIVISION,Amanda,11/15/2021,Updating UID
0a511fd512936430b6825a58c343d40c,PARCELNAME,RUTH B. GINSBURG BROOKLYN MUNI BLDG,RUTH BADER GINSBURG BROOKLYN MUNICIPAL BUILDING,Amanda,11/15/2021,Updating UID
18d65650342f0243a55a78072e15c0b1,PARCELNAME,IND 8TH AVENUE ROW AND VENT,IND 8TH AVENUE RIGHT OF WAY AND VENT,Amanda,11/15/2021,Updating UID
160667cdec78565c80489e4e4da70122,PARCELNAME,HAMILTON AVENUE TRANFER STATION,HAMILTON AVENUE TRANSFER STATION,Amanda,11/15/2021,Updating UID
1be61fb4a4e89c7963179c028b16e450,PARCELNAME,REV MATTHEW J CROSSON MEM PARK,REVEREND MATTHEW J CROSSON MEMORIAL PARK,Amanda,11/15/2021,Updating UID
d9d242c75bc8d57f9248345a6156b1eb,PARCELNAME,SHEEPSD BAY HS AND ATHL FLD (JOP,SHEEPSHEAD BAY HS AND ATHLETIC FIELD (JOINT OPERATED PLAYGROUND),Amanda,11/15/2021,Updating UID
f9596d5d364273036d5999f5395d3b4a,PARCELNAME,FD ROOSEVELT BOARDWALK AND BEACH,FRANKLIN D. ROOSEVELT BOARDWALK AND BEACH,Amanda,11/15/2021,Updating UID
8c3eddb52263291f54267f50846925cf,PARCELNAME,PS 18 PLAYGROUND PARK.(JOP),PS 18 PLAYGROUND AND PARK (JOINT OPERATED PLAYGROUND),Amanda,11/15/2021,Updating UID
7bc9c52cc7ce616ff5193f7bc9442432,PARCELNAME,RUTH B. GINSBURG BROOKLYN MUNI BLDG,RUTH BADER GINSBURG BROOKLYN MUNICIPAL BUILDING,Amanda,11/15/2021,Updating UID
ae1069d21ceef8d3e18c9fba924fde94,PARCELNAME,BRONX SCHOOL FOR LAW GOVT AND JUSTI,"BRONX SCHOOL FOR LAW, GOVERNMENT AND JUSTICE",Amanda,11/15/2021,Updating UID
bacaa0a68045b25f4692f06c8bbbe23b,PARCELNAME,FORMERLY PIERS 19  20 AND 21,"FORMERLY PIERS 19, 20 AND 21",Amanda,11/15/2021,Updating UID
2701b91d2d543cce93033477be6c5f29,AGREEMENT,L,,Molly,2021-03-19,Correction applied to November 2020 version.
069dd04c40d85a0985509b9e5c7ca8dc,PARCELNAME,FD ROOSEVELT BOARKWALK AND BEACH,FRANKLIN D. ROOSEVELT BOARDWALK AND BEACH,Amanda,11/15/2021,Updating UID
cf471817980fe103aee7190dd873f38f,PARCELNAME,RUTH B. GINSBURG BROOKLYN MUNI BLDG,RUTH BADER GINSBURG BROOKLYN MUNICIPAL BUILDING,Amanda,11/15/2021,Updating UID
f4b135db1a3818a0d6da162df12703fa,PARCELNAME,OLD 83PRECINCT OFF STREET PARKING,OLD 83 PRECINCT OFF STREET PARKING,Amanda,11/15/2021,Updating UID
996a0196ba4e2b06e3fc4d95b548279b,PARCELNAME,S BRONX MARINE TRANSFER STN/SALT,SOUTH BRONX MARINE TRANSFER STATION/SALT,Amanda,11/15/2021,Updating UID
4b173e28ead69bcbdcfa26bc1eb8227e,PARCELNAME,IRT B'WAY AND W. 143 ST. SUBSTATION,BROADWAY AND W. 143 ST. SUBSTATION,Amanda,2021-11-10,
d5e3000677f1153291b521263c73540f,PARCELNAME,RUTH B. GINSBURG BROOKLYN MUNI BLDG,RUTH BADER GINSBURG BROOKLYN MUNICIPAL BUILDING,Amanda,11/15/2021,Updating UID
c90267c5c1a17f30e45a12741f3e83c5,PARCELNAME,GW PLAYGROUND CHERRY TREE PARK,GEORGE WASHINGTON PLAYGROUND CHERRY TREE PARK,Amanda,11/15/2021,Updating UID
3c16e6a91b30406a29198ea97354ef54,PARCELNAME,INTRSECTION 19TH AVENUE AND 19TH RD,INTERSECTION 19TH AVENUE AND 19TH ROAD,Amanda,11/15/2021,Updating UID
76fbed68b9700fc96ccd33e84e8cec8e,PARCELNAME,SAILOR'S SNUG HARBOR PARK ADDTN,SAILOR'S SNUG HARBOR PARK ADDITION,Amanda,11/15/2021,Updating UID
14438000d698852b926dc8b7840b8194,PARCELNAME,OFF STREET PARKING FOR 75PRECINCT,OFF STREET PARKING FOR 75 PRECINCT,Amanda,11/15/2021,Updating UID
fec9c8f1f62b434ec13932fe6100498b,PARCELNAME,STERLING REHAB (STERL-BUFFLO),STERLING REHAB (STERLING-BUFFALO),Amanda,11/15/2021,Updating UID
321bf3ee142a1d2ba4728169cc3fe528,PARCELNAME,ENY VOC AND TECH H.S,EAST NEW YORK VOCATIONAL AND TECHNICAL  HIGH SCHOOL,Amanda,11/15/2021,Updating UID
472534419d45293dbaf208d2a9e0a02a,PARCELNAME,PS 31. PLAYGROUND DAVIS PLYGD,PS 31 AND DAVIS PLAYGROUND (JOINT OPERATED PLAYGROUND),Amanda,2021-11-10,
b821e549f55db4910677b52ae4fa46bb,PARCELNAME,DR.BETANCES 4 AND 5 HOUSES,BETANCES IV AND V HOUSES,Amanda,11/15/2021,Updating UID
9213250ba189e8b5d93d3b086e650a49,PARCELNAME,STERLING REHAB (STRLING-BUFFALO,STERLING REHAB (STERLING-BUFFALO),Amanda,11/15/2021,Updating UID
215097a3df56ecc0ac0b11f65399088c,AGREEMENT,S,,Molly,2021-03-19,Correction applied to November 2020 version.
4f1dd4e496d2d9a177dd207fcc5fc55b,PARCELNAME,6TH ST AND AVENUE B COMM GARDEN,6TH STREET AND AVENUE B COMMUNITY GARDEN,Amanda,11/15/2021,Updating UID
6c90958f576111ede13398bd3d2d000c,SNAME,FOREST STREET,FORREST STREET,Lynn,2021-06-02,
d6bafeeadc08ad333baeef17eebbee2e,PARCELNAME,GLENMORE HENDRIX BL ASSOC GARDEN,GLENMORE HENDRIX BLOCK ASSOCIATION GARDEN,Amanda,11/15/2021,Updating UID
8d2d1dc85820bb7f08b73eb112465775,PARCELNAME,BROOKLYN EAST PROPERTY PRPTY MGMT,BROOKLYN EAST PROPERTY MANAGEMENT,Amanda,11/15/2021,Updating UID
059577db1e76d6dd267cc32f4b173681,PARCELNAME,NYPD 50TH PCT.EMS ST.50,NYPD 50TH PRECINCT STATION HOUSE AND EMS STATION 50,Amanda,11/15/2021,Updating UID
3945668f71a8d4c43ca9b63ba7c3e212,SNAME,ORIENTAL BLVD RM C-124,ORIENTAL BOULEVARD,Lynn,2021-06-02,
2b4fb3af19440c89ce70c597ad929792,PARCELNAME,RUTH B. GINSBURG BROOKLYN MUNI BLDG,RUTH BADER GINSBURG BROOKLYN MUNICIPAL BUILDING,Amanda,11/15/2021,Updating UID
8c8865176f29865ded512f3566598437,PARCELNAME,6TH ST AND AVENUE B COMM GARDEN,6TH STREET AND AVENUE B COMMUNITY GARDEN,Amanda,11/15/2021,Updating UID
1154ea945daa82e5175289b3d6914c28,PARCELNAME,IRT DYRE AVENUE LINE R.O.W,IRT DYRE AVENUE LINE RIGHT OF WAY,Amanda,11/15/2021,Updating UID
c0164affe776b97e80117e1e618c5ad3,PARCELNAME,S ST. CPORT/BURLING SLIP/PLAYGROUND,SOUTH STREET SEAPORT/BURLING SLIP/PLAYGROUND,Amanda,11/15/2021,Updating UID
ca3400ae696a67a73b86a7c80a2291a2,PARCELNAME,ASTORIA HTS REC PARK AND JHS10 PLAYGROUND,ASTORIA HEIGHTS PARK AND JHS 10 JOINT OPERATED PLAYGROUND,Amanda,11/15/2021,Updating UID
a29e2a23984aec8a6d6d0f6d008c8997,PARCELNAME,C.A.B. E. ROB MOORE HOUSES AND SC,CITIZENS ADVICE BUREAU  E. ROBERTS MOORE HOUSES AND SENIOR CENTER,Amanda,11/15/2021,Updating UID
37ed328f683680d2e5dc2b02fa92d2ca,PARCELNAME,PIER BEACH CHNL DR AND B 87 ST,PIER BEACH CHANNEL DRIVE AND BEACH 87 ST,Amanda,11/15/2021,Updating UID
d2d22a8d5510612a03dcad041ca42987,PARCELNAME,QUEENS EMPLOYMENT ELIGIBILITY CTR,QUEENS EMPLOYMENT ELIGIBILITY CENTER,Amanda,11/15/2021,Updating UID
4b1903caf0a97beb1ef81175d6dfae1d,PARCELNAME,PS 64 AND PLAYGROUND..(JOP),PS 64 AND PLAYGROUND (JOINT OPERATED PLAYGROUND),Amanda,11/15/2021,Updating UID
846abc845f5d3ea06bdd0fd886bc7474,PARCELNAME,OLD 83PRECINCT OFF STREET PARKING,OLD 83 PRECINCT OFF STREET PARKING,Amanda,11/15/2021,Updating UID
c982998f9b2e6f2e3ca39e687e0aa8b2,PARCELNAME,NEW UTRECHT STA.HOUSE 15TH AVENUE,NEW UTRECHT STATION HOUSE/ 62 STREET,Amanda,11/15/2021,Updating UID
8f767494e31e347ee240abc8495e756f,PARCELNAME,DYRE AVENUE ROW,DYRE AVENUE RIGHT OF WAY,Amanda,11/15/2021,Updating UID
79c8cb53351e2af8c829fff7daf481b2,PARCELNAME,ABRAHAM LINCOLN HS AND ATHLETIC,ABRAHAM LINCOLN HIGH SCHOOL AND ATHLETIC FIELD,Amanda,11/15/2021,Updating UID
c62eeab32142ed9b862c7608b4cfa01a,PARCELNAME,SUTTER AVENUE - UNIONS ST,SUTTER AVENUE - UNION ST,Amanda,11/15/2021,Updating UID
07cd186f73464c4dbfc36e88bfb3d401,PARCELNAME,ENG76 LAD22 BAT11/NYPD 24 PRECINCT,ENGINE 76 LADDER 22 BATTALION 11 AND NYPD 24TH PRECINCT STATION HOUSE,Amanda,11/15/2021,Updating UID
e903e9cfcae7b83c9dddbb5d585c068c,PARCELNAME,OLD 83PRECINCT OFF STREET PARKING,OLD 83 PRECINCT OFF STREET PARKING,Amanda,11/15/2021,Updating UID
d9e471e10f15ef9ae29383f66443050a,PARCELNAME,6TH ST AND AVENUE B COMM GARDEN,6TH STREET AND AVENUE B COMMUNITY GARDEN,Amanda,11/15/2021,Updating UID
3d352657794f1593b5bd5c9f8b0dacac,PARCELNAME,PS 28 PLAYGROUND WRIGHT BROS PARK JOP,PS 28 PLAYGROUND AND WRIGHT BROTHERS PARK JOINT OPERATED PLAYGROUND,Amanda,11/15/2021,Updating UID
4ea790fa49a50bda99d1fa92f62a03a7,PARCELNAME,HORIZON JUVJ CTR/NYPD 40TH PRECINCT,HORIZON JUVENILE JUSTICE CENTER/NYPD 40TH PRECINCT STATION,Amanda,11/15/2021,Updating UID
dc98dc699c33e4d578b17db824393ec3,PARCELNAME,VERNON T AND T BLOCK ASSOC GARDEN,T AND T VERNON BLOCK ASSOCIATION GARDEN,Amanda,11/15/2021,Updating UID
f575eeac1a1fc3b7fdb01b6d476f2517,PARCELNAME,NEW 123RD ST. BLOCK ASSOC. GARDEN,NEW 123RD ST. BLOCK ASSOCIATION GARDEN,Amanda,11/15/2021,Updating UID
f210897982a439b69414c923ace73f0b,PARCELNAME,FORT WASH REGIONAL BRANCH LIBRARY,FORT WASHINGTON REGIONAL BRANCH LIBRARY,Amanda,11/15/2021,Updating UID
